0000000000000000
0000000000000000
0000000000000000
0000000000000000
0000000000000000
1111111111111111
1111111111111100
1111111111111010
1111111111111001
1111111111111011
0000000000000000
0000000000001010
0000000000011000
0000000000100101
0000000000101111
0000000000110100
0000000000110011
0000000000101010
0000000000011011
0000000000001011
1111111111111011
1111111111101101
1111111111100011
1111111111011110
1111111111011100
1111111111011101
1111111111100001
1111111111100111
1111111111101111
1111111111111000
0000000000000010
0000000000001100
0000000000010100
0000000000011100
0000000000100110
0000000000101111
0000000000111001
0000000001000101
0000000001010011
0000000001011111
0000000001101010
0000000001110011
0000000001111000
0000000001110111
0000000001110001
0000000001100111
0000000001011001
0000000001001001
0000000000111011
0000000000110001
0000000000101010
0000000000101000
0000000000101101
0000000000110110
0000000001000010
0000000001010001
0000000001100011
0000000001110101
0000000010000111
0000000010011010
0000000010101101
0000000010111110
0000000011001101
0000000011011100
0000000011101000
0000000011110001
0000000011111000
0000000011111110
0000000100000010
0000000100000101
0000000100001000
0000000100001100
0000000100001110
0000000100001101
0000000100001100
0000000100000110
0000000011111101
0000000011110010
0000000011100111
0000000011011011
0000000011010000
0000000011001000
0000000011000011
0000000010111111
0000000010111111
0000000011000010
0000000011000111
0000000011001100
0000000011010001
0000000011010110
0000000011010111
0000000011010101
0000000011010000
0000000011001001
0000000011000000
0000000010110101
0000000010101110
0000000010100111
0000000010100010
0000000010011111
0000000010011110
0000000010011011
0000000010010111
0000000010010011
0000000010001110
0000000010000111
0000000001111111
0000000001111000
0000000001110000
0000000001100110
0000000001011011
0000000001001110
0000000000111110
0000000000101011
0000000000010111
0000000000000011
1111111111101110
1111111111011010
1111111111001010
1111111110111011
1111111110101110
1111111110100011
1111111110011100
1111111110010110
1111111110010010
1111111110010001
1111111110010011
1111111110010101
1111111110011001
1111111110011111
1111111110100100
1111111110100111
1111111110101000
1111111110101001
1111111110100111
1111111110100010
1111111110011100
1111111110010101
1111111110001011
1111111101111111
1111111101110100
1111111101100111
1111111101011000
1111111101001000
1111111100111000
1111111100100110
1111111100010101
1111111100000101
1111111011111001
1111111011101111
1111111011101000
1111111011100111
1111111011101010
1111111011101101
1111111011110010
1111111011111000
1111111011111101
1111111011111111
1111111100000000
1111111100000001
1111111100000000
1111111011111110
1111111011111101
1111111011111101
1111111011111101
1111111011111111
1111111100000101
1111111100001100
1111111100010101
1111111100100000
1111111100101101
1111111100111001
1111111101000100
1111111101001111
1111111101011000
1111111101011111
1111111101100101
1111111101101010
1111111101101101
1111111101101110
1111111101110000
1111111101110001
1111111101110001
1111111101110010
1111111101110100
1111111101110111
1111111101111001
1111111101111100
1111111110000000
1111111110000011
1111111110000101
1111111110001000
1111111110001100
1111111110010001
1111111110011000
1111111110100010
1111111110101101
1111111110110111
1111111111000010
1111111111001101
1111111111010110
1111111111011101
1111111111100100
1111111111101010
1111111111101101
1111111111101110
1111111111101111
1111111111101101
1111111111101000
1111111111100001
1111111111011011
1111111111010101
1111111111001111
1111111111001100
1111111111001011
1111111111001010
1111111111001000
1111111111001000
1111111111000111
1111111111000100
1111111111000000
1111111110111110
1111111110111010
1111111110110101
1111111110110000
1111111110101011
1111111110100110
1111111110011111
1111111110011100
1111111110011100
1111111110011101
1111111110100010
1111111110101011
1111111110110110
1111111111000000
1111111111001001
1111111111010000
1111111111010011
1111111111010010
1111111111010000
1111111111001100
1111111111000100
1111111110111100
1111111110110100
1111111110101011
1111111110100000
1111111110010101
1111111110001011
1111111110000001
1111111101110110
1111111101101111
1111111101101010
1111111101100101
1111111101100010
1111111101100011
1111111101100101
1111111101101000
1111111101101101
1111111101110101
1111111101111100
1111111110000010
1111111110001001
1111111110010000
1111111110010101
1111111110011010
1111111110100010
1111111110101011
1111111110110100
1111111111000000
1111111111001110
1111111111011011
1111111111100110
1111111111101111
1111111111110110
1111111111111001
1111111111111010
1111111111111011
1111111111111011
1111111111111011
1111111111111100
1111111111111110
1111111111111111
1111111111111110
1111111111111100
1111111111111000
1111111111110010
1111111111101010
1111111111100100
1111111111011110
1111111111011001
1111111111010111
1111111111011011
1111111111100001
1111111111101010
1111111111110110
0000000000000100
0000000000010001
0000000000011101
0000000000101001
0000000000110100
0000000000111100
0000000001000011
0000000001001000
0000000001001011
0000000001001010
0000000001001000
0000000001000110
0000000001000001
0000000000111100
0000000000111001
0000000000110110
0000000000110010
0000000000101111
0000000000101101
0000000000101010
0000000000100110
0000000000100011
0000000000100010
0000000000100000
0000000000011110
0000000000011101
0000000000011100
0000000000011001
0000000000010101
0000000000010001
0000000000001010
0000000000000001
1111111111111000
1111111111110000
1111111111100111
1111111111011101
1111111111010110
1111111111001110
1111111111000101
1111111110111101
1111111110110110
1111111110110000
1111111110101000
1111111110100010
1111111110011101
1111111110010111
1111111110010000
1111111110001010
1111111110000101
1111111101111110
1111111101111001
1111111101110110
1111111101110011
1111111101110001
1111111101110000
1111111101110000
1111111101101111
1111111101101101
1111111101101011
1111111101100111
1111111101100001
1111111101011001
1111111101010001
1111111101001001
1111111101000000
1111111100111001
1111111100110101
1111111100110001
1111111100101111
1111111100110001
1111111100110100
1111111100110111
1111111100111010
1111111100111110
1111111101000001
1111111101000001
1111111101000001
1111111101000010
1111111101000000
1111111100111111
1111111100111111
1111111100111111
1111111101000000
1111111101000001
1111111101000011
1111111101000101
1111111101000110
1111111101000111
1111111101001000
1111111101000111
1111111101000110
1111111101000100
1111111101000010
1111111100111110
1111111100111010
1111111100110110
1111111100110011
1111111100101110
1111111100101010
1111111100101001
1111111100100111
1111111100100111
1111111100101010
1111111100110000
1111111100110111
1111111101000000
1111111101001100
1111111101011000
1111111101100100
1111111101101111
1111111101111010
1111111110000010
1111111110000111
1111111110001011
1111111110001101
1111111110001101
1111111110001100
1111111110001101
1111111110001111
1111111110010001
1111111110010100
1111111110011011
1111111110100001
1111111110100111
1111111110101111
1111111110110110
1111111110111101
1111111111000011
1111111111001010
1111111111010001
1111111111010111
1111111111011100
1111111111100001
1111111111100100
1111111111100101
1111111111100110
1111111111100110
1111111111100101
1111111111100011
1111111111100010
1111111111100001
1111111111011110
1111111111011100
1111111111011010
1111111111011000
1111111111010101
1111111111010100
1111111111010101
1111111111010101
1111111111010111
1111111111011011
1111111111100000
1111111111100101
1111111111101101
1111111111110111
0000000000000001
0000000000001011
0000000000010110
0000000000100001
0000000000101001
0000000000101111
0000000000110011
0000000000110101
0000000000110011
0000000000110000
0000000000101101
0000000000101001
0000000000100011
0000000000011101
0000000000011000
0000000000010010
0000000000001100
0000000000001000
0000000000000100
0000000000000000
1111111111111101
1111111111111011
1111111111111010
1111111111111000
1111111111111000
1111111111111001
1111111111111100
1111111111111111
0000000000000101
0000000000001101
0000000000010101
0000000000011111
0000000000101001
0000000000110011
0000000000111010
0000000001000000
0000000001000011
0000000001000010
0000000000111111
0000000000111011
0000000000110110
0000000000110001
0000000000101110
0000000000101111
0000000000110001
0000000000110100
0000000000111010
0000000001000010
0000000001001010
0000000001010001
0000000001011010
0000000001100010
0000000001100111
0000000001101011
0000000001101111
0000000001101111
0000000001101101
0000000001101010
0000000001100111
0000000001100011
0000000001011110
0000000001011011
0000000001011001
0000000001010101
0000000001010011
0000000001010010
0000000001010001
0000000001001110
0000000001001101
0000000001001100
0000000001001011
0000000001001010
0000000001001100
0000000001001110
0000000001010001
0000000001010101
0000000001011010
0000000001100000
0000000001100100
0000000001100111
0000000001101011
0000000001101101
0000000001101101
0000000001101101
0000000001101101
0000000001101010
0000000001100101
0000000001100000
0000000001011010
0000000001010000
0000000001000110
0000000000111011
0000000000101101
0000000000011110
0000000000001110
1111111111111110
1111111111101100
1111111111011010
1111111111001010
1111111110111011
1111111110101100
1111111110011111
1111111110010110
1111111110001110
1111111110000111
1111111110000011
1111111110000001
1111111101111110
1111111101111101
1111111101111101
1111111101111110
1111111101111101
1111111101111101
1111111101111111
1111111101111111
1111111101111101
1111111101111100
1111111101111001
1111111101110101
1111111101101110
1111111101100111
1111111101011110
1111111101010011
1111111101000111
1111111100111100
1111111100110000
1111111100100100
1111111100011011
1111111100010100
1111111100001110
1111111100001010
1111111100001010
1111111100001011
1111111100001100
1111111100001100
1111111100001100
1111111100001010
1111111100000110
1111111100000001
1111111011111101
1111111011111000
1111111011110100
1111111011110010
1111111011110010
1111111011110010
1111111011110011
1111111011110110
1111111011111001
1111111011111100
1111111100000000
1111111100000110
1111111100001011
1111111100001111
1111111100010101
1111111100011011
1111111100011110
1111111100100010
1111111100101000
1111111100101101
1111111100110011
1111111100111010
1111111101000011
1111111101001010
1111111101010000
1111111101010110
1111111101011001
1111111101011000
1111111101010101
1111111101010010
1111111101001100
1111111101000101
1111111100111111
1111111100111100
1111111100111001
1111111100111000
1111111100111011
1111111101000001
1111111101000110
1111111101001101
1111111101010110
1111111101011110
1111111101100101
1111111101101101
1111111101110110
1111111101111101
1111111110000011
1111111110001010
1111111110010000
1111111110010100
1111111110010101
1111111110010110
1111111110010100
1111111110010000
1111111110001100
1111111110001010
1111111110001000
1111111110000111
1111111110001001
1111111110001100
1111111110001110
1111111110010000
1111111110010011
1111111110010110
1111111110011000
1111111110011100
1111111110100010
1111111110100111
1111111110101100
1111111110110011
1111111110111000
1111111110111010
1111111110111010
1111111110111000
1111111110110100
1111111110101110
1111111110101000
1111111110100011
1111111110011110
1111111110011010
1111111110011010
1111111110011100
1111111110011110
1111111110100001
1111111110100101
1111111110101001
1111111110101010
1111111110101010
1111111110101001
1111111110100110
1111111110100001
1111111110011110
1111111110011100
1111111110011010
1111111110011001
1111111110011001
1111111110011001
1111111110010110
1111111110010010
1111111110001100
1111111110000101
1111111101111100
1111111101110100
1111111101101110
1111111101101000
1111111101100100
1111111101100001
1111111101011101
1111111101010111
1111111101001110
1111111101000100
1111111100110110
1111111100100111
1111111100010111
1111111100001010
1111111011111100
1111111011110001
1111111011101010
1111111011100100
1111111011100000
1111111011011111
1111111011100010
1111111011101000
1111111011110001
1111111100000000
1111111100010100
1111111100101011
1111111101000010
1111111101011011
1111111101110001
1111111110000011
1111111110010000
1111111110011001
1111111110011101
1111111110011011
1111111110010111
1111111110010000
1111111110000110
1111111101111011
1111111101110001
1111111101100111
1111111101011100
1111111101010011
1111111101001101
1111111101000111
1111111101000010
1111111101000001
1111111101000100
1111111101001001
1111111101010001
1111111101011100
1111111101100111
1111111101101111
1111111101110101
1111111101110111
1111111101110101
1111111101101110
1111111101101000
1111111101100010
1111111101011100
1111111101011000
1111111101010111
1111111101010110
1111111101010001
1111111101001001
1111111100111110
1111111100101110
1111111100011001
1111111100000010
1111111011101101
1111111011010111
1111111011000010
1111111010110000
1111111010011111
1111111010001110
1111111010000001
1111111001111010
1111111001111001
1111111010000000
1111111010010100
1111111010110011
1111111011011010
1111111100001000
1111111100111010
1111111101101011
1111111110010110
1111111110111011
1111111111010111
1111111111101001
1111111111101110
1111111111101010
1111111111011110
1111111111001011
1111111110110100
1111111110011101
1111111110001000
1111111101110100
1111111101100101
1111111101011100
1111111101010110
1111111101010101
1111111101011000
1111111101100011
1111111101110001
1111111110000011
1111111110011010
1111111110110010
1111111111000110
1111111111010101
1111111111011111
1111111111100000
1111111111011010
1111111111010001
1111111111001001
1111111111000011
1111111111000001
1111111111000110
1111111111010001
1111111111011101
1111111111101000
1111111111110001
1111111111110100
1111111111101101
1111111111100000
1111111111001011
1111111110110001
1111111110010011
1111111101110111
1111111101011110
1111111101001010
1111111100111110
1111111100111110
1111111101000111
1111111101011001
1111111101110100
1111111110010100
1111111110110011
1111111111010000
1111111111101001
1111111111111011
0000000000000011
0000000000000100
1111111111111111
1111111111110101
1111111111100100
1111111111010001
1111111110111111
1111111110101100
1111111110011100
1111111110010010
1111111110010000
1111111110010110
1111111110100100
1111111110111101
1111111111011100
1111111111111111
0000000000100100
0000000001000111
0000000001100100
0000000001110101
0000000001111010
0000000001110001
0000000001011001
0000000000110110
0000000000001110
1111111111100101
1111111111000000
1111111110100110
1111111110011001
1111111110011000
1111111110100010
1111111110110110
1111111111010000
1111111111101000
1111111111111100
0000000000001010
0000000000010000
0000000000001010
1111111111111100
1111111111101000
1111111111001111
1111111110110101
1111111110011110
1111111110001101
1111111110000000
1111111101111010
1111111101111011
1111111110000001
1111111110001010
1111111110010110
1111111110100100
1111111110110001
1111111110111101
1111111111000111
1111111111010000
1111111111010011
1111111111010011
1111111111010001
1111111111001101
1111111111000101
1111111110111100
1111111110110100
1111111110101010
1111111110011111
1111111110010100
1111111110001010
1111111101111111
1111111101110011
1111111101101010
1111111101100010
1111111101011110
1111111101011111
1111111101101010
1111111101111101
1111111110011001
1111111110111111
1111111111101011
0000000000011001
0000000001000011
0000000001101001
0000000010000100
0000000010010011
0000000010010110
0000000010001111
0000000010000000
0000000001101011
0000000001010110
0000000001000010
0000000000110000
0000000000100010
0000000000011001
0000000000010100
0000000000010001
0000000000001111
0000000000010001
0000000000010011
0000000000011000
0000000000100000
0000000000101100
0000000000111011
0000000001001010
0000000001011010
0000000001101001
0000000001110011
0000000001111010
0000000001111110
0000000001111110
0000000001111001
0000000001110001
0000000001100110
0000000001010101
0000000000111111
0000000000101000
0000000000010000
1111111111110111
1111111111011111
1111111111001100
1111111110111011
1111111110101100
1111111110100000
1111111110010110
1111111110001011
1111111110000000
1111111101111000
1111111101110011
1111111101110010
1111111101111000
1111111110000110
1111111110011010
1111111110110010
1111111111001101
1111111111100111
1111111111111010
0000000000000110
0000000000001001
0000000000000011
1111111111110100
1111111111100000
1111111111001100
1111111110110111
1111111110100101
1111111110010111
1111111110010000
1111111110001101
1111111110001101
1111111110010010
1111111110011010
1111111110100011
1111111110101101
1111111110110111
1111111110111110
1111111110111111
1111111110111100
1111111110110100
1111111110100101
1111111110010000
1111111101111010
1111111101100100
1111111101010000
1111111100111111
1111111100110110
1111111100110011
1111111100110011
1111111100111001
1111111101000010
1111111101001100
1111111101010101
1111111101011110
1111111101100101
1111111101101010
1111111101101100
1111111101101111
1111111101110000
1111111101101111
1111111101101101
1111111101101011
1111111101100101
1111111101011100
1111111101010010
1111111101000111
1111111100111100
1111111100110010
1111111100101110
1111111100110000
1111111100111000
1111111101001000
1111111101100000
1111111101111100
1111111110011010
1111111110111010
1111111111010111
1111111111101110
1111111111111111
0000000000001001
0000000000001100
0000000000001000
0000000000000000
1111111111111000
1111111111101111
1111111111101000
1111111111100111
1111111111101100
1111111111110111
0000000000001000
0000000000011111
0000000000111010
0000000001010101
0000000001110000
0000000010001011
0000000010100011
0000000010110111
0000000011001000
0000000011010110
0000000011011111
0000000011100100
0000000011100111
0000000011100110
0000000011100001
0000000011011001
0000000011010000
0000000011000100
0000000010110100
0000000010100011
0000000010010010
0000000001111110
0000000001101000
0000000001010011
0000000000111110
0000000000100111
0000000000001111
1111111111111001
1111111111100011
1111111111001110
1111111110111100
1111111110101111
1111111110100011
1111111110011011
1111111110010111
1111111110010110
1111111110010101
1111111110010110
1111111110011001
1111111110011011
1111111110011011
1111111110011011
1111111110011011
1111111110011000
1111111110010101
1111111110010010
1111111110001110
1111111110001000
1111111110000001
1111111101111001
1111111101101111
1111111101100010
1111111101010101
1111111101001001
1111111100111100
1111111100110001
1111111100101001
1111111100100011
1111111100011111
1111111100011101
1111111100011111
1111111100100000
1111111100100010
1111111100100101
1111111100101010
1111111100101111
1111111100110100
1111111100111101
1111111101001000
1111111101010101
1111111101100100
1111111101110101
1111111110000111
1111111110010110
1111111110100101
1111111110110010
1111111110111011
1111111111000010
1111111111000111
1111111111001100
1111111111001101
1111111111001100
1111111111001100
1111111111001001
1111111111000011
1111111110111110
1111111110111010
1111111110111000
1111111110111000
1111111110111110
1111111111001010
1111111111011011
1111111111101111
0000000000000111
0000000000011111
0000000000110101
0000000001001000
0000000001011000
0000000001100010
0000000001100111
0000000001101000
0000000001100101
0000000001011111
0000000001010111
0000000001010000
0000000001001010
0000000001000100
0000000001000001
0000000001000001
0000000001000010
0000000001000011
0000000001000101
0000000001001000
0000000001001001
0000000001001001
0000000001001011
0000000001001101
0000000001001101
0000000001001110
0000000001001111
0000000001001111
0000000001001100
0000000001001010
0000000001000110
0000000001000001
0000000000111010
0000000000110100
0000000000101110
0000000000101000
0000000000100100
0000000000100100
0000000000100100
0000000000100110
0000000000101010
0000000000110000
0000000000110100
0000000000110110
0000000000111000
0000000000111000
0000000000110101
0000000000110001
0000000000101101
0000000000101000
0000000000100010
0000000000011100
0000000000010110
0000000000001111
0000000000000110
1111111111111110
1111111111110101
1111111111101000
1111111111011011
1111111111001101
1111111110111100
1111111110101010
1111111110011001
1111111110001011
1111111101111101
1111111101110011
1111111101101110
1111111101101011
1111111101101001
1111111101101000
1111111101100111
1111111101100010
1111111101011010
1111111101010001
1111111101001000
1111111100111111
1111111100111000
1111111100110110
1111111100111000
1111111100111110
1111111101000111
1111111101010010
1111111101011101
1111111101100110
1111111101101101
1111111101110011
1111111101110101
1111111101110110
1111111101110111
1111111101111001
1111111101111011
1111111101111110
1111111110000101
1111111110001011
1111111110010000
1111111110010110
1111111110011100
1111111110011111
1111111110100001
1111111110100100
1111111110100111
1111111110101000
1111111110101011
1111111110110010
1111111110111010
1111111111000100
1111111111010010
1111111111100011
1111111111110111
0000000000001100
0000000000100100
0000000000111101
0000000001010100
0000000001101011
0000000010000010
0000000010010111
0000000010101000
0000000010110111
0000000011000100
0000000011001101
0000000011010010
0000000011010101
0000000011010110
0000000011010110
0000000011010101
0000000011010110
0000000011011001
0000000011011011
0000000011011110
0000000011100001
0000000011100001
0000000011011101
0000000011011000
0000000011001111
0000000011000011
0000000010110100
0000000010100110
0000000010011000
0000000010001001
0000000001111100
0000000001110000
0000000001100101
0000000001011001
0000000001010001
0000000001001011
0000000001000110
0000000001000010
0000000001000010
0000000001000100
0000000001000110
0000000001001001
0000000001001110
0000000001010010
0000000001010100
0000000001010110
0000000001010111
0000000001010100
0000000001001111
0000000001001001
0000000001000001
0000000000110110
0000000000101011
0000000000100000
0000000000010101
0000000000001001
0000000000000000
1111111111111001
1111111111110011
1111111111101111
1111111111101110
1111111111101101
1111111111101011
1111111111101001
1111111111100111
1111111111100010
1111111111011011
1111111111010100
1111111111001101
1111111111000101
1111111110111100
1111111110110101
1111111110101110
1111111110100110
1111111110011110
1111111110010110
1111111110001101
1111111110000100
1111111101111011
1111111101110100
1111111101101100
1111111101100110
1111111101100100
1111111101100011
1111111101100010
1111111101100100
1111111101100110
1111111101101000
1111111101100111
1111111101100110
1111111101100100
1111111101100000
1111111101011011
1111111101011001
1111111101011000
1111111101011000
1111111101011011
1111111101100010
1111111101101010
1111111101110100
1111111110000000
1111111110001101
1111111110011010
1111111110100110
1111111110110100
1111111111000001
1111111111001100
1111111111010111
1111111111100010
1111111111101101
1111111111110111
0000000000000010
0000000000001110
0000000000011010
0000000000100101
0000000000110011
0000000001000010
0000000001010000
0000000001100000
0000000001110001
0000000010000001
0000000010001110
0000000010011001
0000000010100011
0000000010100111
0000000010101000
0000000010100111
0000000010100101
0000000010100001
0000000010011101
0000000010011010
0000000010011000
0000000010010110
0000000010010101
0000000010010101
0000000010010100
0000000010010010
0000000010010001
0000000010010000
0000000010001110
0000000010001100
0000000010001011
0000000010001001
0000000010000100
0000000001111111
0000000001111010
0000000001110010
0000000001101001
0000000001100000
0000000001010110
0000000001001011
0000000001000001
0000000000110111
0000000000101110
0000000000100100
0000000000011100
0000000000010110
0000000000010000
0000000000001010
0000000000000101
0000000000000010
1111111111111101
1111111111111000
1111111111110101
1111111111110001
1111111111101011
1111111111100110
1111111111100010
1111111111011110
1111111111011001
1111111111010111
1111111111010111
1111111111010111
1111111111011001
1111111111011101
1111111111100001
1111111111100100
1111111111101000
1111111111101011
1111111111101100
1111111111101011
1111111111101010
1111111111101001
1111111111100101
1111111111100010
1111111111011111
1111111111011101
1111111111011011
1111111111011011
1111111111011110
1111111111100010
1111111111100110
1111111111101100
1111111111110011
1111111111110111
1111111111111001
1111111111111011
1111111111111100
1111111111111001
1111111111110111
1111111111110110
1111111111110101
1111111111110100
1111111111110110
1111111111111010
1111111111111110
0000000000000101
0000000000001101
0000000000010110
0000000000011110
0000000000100101
0000000000101100
0000000000110001
0000000000110100
0000000000110111
0000000000111001
0000000000111001
0000000000111001
0000000000111010
0000000000111011
0000000000111010
0000000000111010
0000000000111011
0000000000111110
0000000001000000
0000000001000110
0000000001001111
0000000001011000
0000000001100010
0000000001101111
0000000001111011
0000000010000110
0000000010010000
0000000010011010
0000000010100001
0000000010100101
0000000010101000
0000000010101001
0000000010100111
0000000010100010
0000000010011110
0000000010011000
0000000010010001
0000000010001010
0000000010000101
0000000010000000
0000000001111011
0000000001111010
0000000001111010
0000000001111010
0000000001111100
0000000010000001
0000000010000110
0000000010001100
0000000010010010
0000000010011010
0000000010100000
0000000010100011
0000000010100110
0000000010100110
0000000010100010
0000000010011011
0000000010010011
0000000010001001
0000000001111100
0000000001101110
0000000001100001
0000000001010100
0000000001000111
0000000000111011
0000000000110001
0000000000101000
0000000000011111
0000000000011001
0000000000010100
0000000000001111
0000000000001001
0000000000000101
1111111111111110
1111111111110110
1111111111101101
1111111111100110
1111111111011110
1111111111010110
1111111111010001
1111111111001101
1111111111001000
1111111111000100
1111111111000010
1111111110111111
1111111110111011
1111111110111000
1111111110110110
1111111110110011
1111111110110001
1111111110110000
1111111110101111
1111111110101110
1111111110101100
1111111110101100
1111111110101010
1111111110100111
1111111110100101
1111111110100100
1111111110100100
1111111110100100
1111111110100111
1111111110101011
1111111110101111
1111111110110011
1111111110111001
1111111110111101
1111111110111111
1111111111000001
1111111111000011
1111111111000101
1111111111000111
1111111111001011
1111111111010000
1111111111010110
1111111111011110
1111111111100111
1111111111110001
1111111111111000
0000000000000000
0000000000001000
0000000000001110
0000000000010001
0000000000010110
0000000000011010
0000000000011101
0000000000011111
0000000000100011
0000000000101000
0000000000101100
0000000000110001
0000000000111001
0000000001000000
0000000001000110
0000000001001110
0000000001010101
0000000001011010
0000000001011101
0000000001100001
0000000001100011
0000000001100011
0000000001100011
0000000001100011
0000000001100000
0000000001011100
0000000001010111
0000000001010001
0000000001001000
0000000000111101
0000000000110100
0000000000101011
0000000000100010
0000000000011100
0000000000011001
0000000000011000
0000000000011001
0000000000011101
0000000000100011
0000000000101001
0000000000101101
0000000000110010
0000000000110110
0000000000110101
0000000000110100
0000000000110010
0000000000101110
0000000000101000
0000000000100100
0000000000100000
0000000000011100
0000000000011001
0000000000010111
0000000000010110
0000000000010101
0000000000010100
0000000000010110
0000000000011000
0000000000011001
0000000000011100
0000000000100000
0000000000100011
0000000000100110
0000000000101001
0000000000101100
0000000000101101
0000000000101110
0000000000101110
0000000000101110
0000000000101011
0000000000101000
0000000000100110
0000000000100011
0000000000011111
0000000000011101
0000000000011011
0000000000011001
0000000000010111
0000000000010110
0000000000010101
0000000000010010
0000000000010000
0000000000001110
0000000000001010
0000000000000100
1111111111111111
1111111111111010
1111111111110011
1111111111101110
1111111111101100
1111111111101011
1111111111101100
1111111111101111
1111111111110011
1111111111110110
1111111111110111
1111111111111000
1111111111110110
1111111111110010
1111111111101101
1111111111101001
1111111111100100
1111111111011111
1111111111011011
1111111111011011
1111111111011011
1111111111011101
1111111111100010
1111111111101001
1111111111110000
1111111111111001
0000000000000010
0000000000001011
0000000000010001
0000000000010110
0000000000011011
0000000000011101
0000000000011110
0000000000100000
0000000000100100
0000000000100111
0000000000101010
0000000000101111
0000000000110011
0000000000110100
0000000000110100
0000000000110100
0000000000110011
0000000000110000
0000000000101111
0000000000101110
0000000000101101
0000000000101100
0000000000101101
0000000000101110
0000000000101101
0000000000101101
0000000000101101
0000000000101100
0000000000101001
0000000000100111
0000000000100101
0000000000100000
0000000000011011
0000000000010111
0000000000010001
0000000000001010
0000000000000101
0000000000000001
1111111111111101
1111111111111011
1111111111111100
0000000000000000
0000000000000011
0000000000001000
0000000000001110
0000000000010011
0000000000010110
0000000000011000
0000000000011010
0000000000011001
0000000000010110
0000000000010010
0000000000001110
0000000000000111
1111111111111111
1111111111111000
1111111111110001
1111111111101001
1111111111100010
1111111111011110
1111111111011001
1111111111010100
1111111111010001
1111111111010000
1111111111001110
1111111111001101
1111111111001111
1111111111010000
1111111111010001
1111111111010010
1111111111010101
1111111111010110
1111111111010110
1111111111010111
1111111111011000
1111111111011000
1111111111011000
1111111111011001
1111111111011010
1111111111011011
1111111111011100
1111111111011110
1111111111100000
1111111111100000
1111111111100010
1111111111100101
1111111111100110
1111111111101000
1111111111101011
1111111111101111
1111111111110001
1111111111110101
1111111111111010
1111111111111110
0000000000000001
0000000000000101
0000000000001001
0000000000001100
0000000000001110
0000000000010001
0000000000010100
0000000000010101
0000000000010110
0000000000011000
0000000000011001
0000000000011000
0000000000011001
0000000000011100
0000000000011101
0000000000011110
0000000000100001
0000000000100100
0000000000100101
0000000000100110
0000000000100111
0000000000100101
0000000000100010
0000000000011110
0000000000011010
0000000000010100
0000000000001100
0000000000000101
1111111111111101
1111111111110101
1111111111101110
1111111111101010
1111111111100101
1111111111100001
1111111111011111
1111111111011101
1111111111011010
1111111111010101
1111111111010001
1111111111001100
1111111111000100
1111111110111100
1111111110110100
1111111110101011
1111111110011111
1111111110010011
1111111110000110
1111111101110110
1111111101100101
1111111101010101
1111111101000111
1111111100111010
1111111100110001
1111111100101100
1111111100101010
1111111100101001
1111111100101011
1111111100110000
1111111100110110
1111111100111110
1111111101001010
1111111101011001
1111111101101010
1111111101111011
1111111110001111
1111111110100001
1111111110110000
1111111110111110
1111111111001001
1111111111010000
1111111111010000
1111111111001100
1111111111000001
1111111110101110
1111111110011000
1111111110000001
1111111101101010
1111111101010101
1111111101000100
1111111100110111
1111111100101100
1111111100100011
1111111100011101
1111111100011100
1111111100011110
1111111100100110
1111111100110100
1111111101000101
1111111101010111
1111111101101000
1111111101110110
1111111101111110
1111111110000000
1111111110000001
1111111110000001
1111111110000000
1111111101111110
1111111101111110
1111111101111011
1111111101110011
1111111101100101
1111111101010010
1111111100111001
1111111100011100
1111111011111111
1111111011100101
1111111011001110
1111111010111011
1111111010101101
1111111010100001
1111111010010110
1111111010001100
1111111010000110
1111111010000011
1111111010000111
1111111010010110
1111111010101111
1111111011001110
1111111011110011
1111111100011100
1111111101000010
1111111101100001
1111111101111000
1111111110000111
1111111110001011
1111111110000011
1111111101110100
1111111101011111
1111111101000100
1111111100100111
1111111100001101
1111111011110111
1111111011100110
1111111011011010
1111111011010111
1111111011010111
1111111011011011
1111111011100101
1111111011110011
1111111100000100
1111111100011001
1111111100110010
1111111101001101
1111111101100100
1111111101111000
1111111110000111
1111111110001100
1111111110001001
1111111110000011
1111111101111011
1111111101110100
1111111101110010
1111111101111000
1111111110000101
1111111110010110
1111111110101001
1111111110111011
1111111111000110
1111111111001001
1111111111000011
1111111110110110
1111111110100010
1111111110001010
1111111101110011
1111111101100000
1111111101010000
1111111101001001
1111111101001011
1111111101010101
1111111101100100
1111111101111001
1111111110010000
1111111110100101
1111111110110100
1111111110111110
1111111111000000
1111111110111001
1111111110101011
1111111110011000
1111111110000010
1111111101101011
1111111101011000
1111111101001010
1111111101000010
1111111101000001
1111111101001000
1111111101011000
1111111101101101
1111111110001000
1111111110101010
1111111111001110
1111111111110010
0000000000010101
0000000000110010
0000000001000100
0000000001001010
0000000001000100
0000000000110001
0000000000010010
1111111111101011
1111111111000001
1111111110011001
1111111101110110
1111111101011111
1111111101011000
1111111101011111
1111111101110011
1111111110010011
1111111110111001
1111111111011110
1111111111111110
0000000000010110
0000000000100011
0000000000100011
0000000000011010
0000000000001010
1111111111110100
1111111111011100
1111111111000101
1111111110110010
1111111110100001
1111111110010110
1111111110010001
1111111110010000
1111111110010001
1111111110010110
1111111110011101
1111111110100101
1111111110101110
1111111110111001
1111111111000101
1111111111010001
1111111111011110
1111111111101100
1111111111111010
0000000000000110
0000000000010001
0000000000011011
0000000000100001
0000000000100011
0000000000100001
0000000000011010
0000000000001100
1111111111110111
1111111111100000
1111111111000100
1111111110101000
1111111110010000
1111111110000000
1111111101111011
1111111110000010
1111111110010111
1111111110111000
1111111111011111
0000000000001000
0000000000110000
0000000001010001
0000000001100111
0000000001110010
0000000001110011
0000000001101011
0000000001011011
0000000001001010
0000000000110111
0000000000100100
0000000000010010
0000000000000011
1111111111110100
1111111111100101
1111111111010111
1111111111001101
1111111111000101
1111111111000000
1111111111000010
1111111111001001
1111111111010010
1111111111011111
1111111111101101
1111111111111100
0000000000001000
0000000000010100
0000000000011111
0000000000100110
0000000000101001
0000000000101001
0000000000100101
0000000000011100
0000000000001110
1111111111111111
1111111111101111
1111111111011101
1111111111001100
1111111110111101
1111111110101111
1111111110100001
1111111110010100
1111111110001000
1111111101111010
1111111101101100
1111111101100000
1111111101010110
1111111101001111
1111111101001110
1111111101010100
1111111101011111
1111111101101101
1111111101111110
1111111110001111
1111111110011100
1111111110100100
1111111110101010
1111111110101010
1111111110100110
1111111110100001
1111111110011110
1111111110011100
1111111110011101
1111111110100101
1111111110110010
1111111111000011
1111111111010111
1111111111101110
0000000000000101
0000000000011000
0000000000101000
0000000000110100
0000000000111010
0000000000110111
0000000000101111
0000000000100001
0000000000001100
1111111111110100
1111111111011100
1111111111001000
1111111110110111
1111111110101101
1111111110101011
1111111110101110
1111111110110101
1111111110111111
1111111111001010
1111111111010100
1111111111011100
1111111111100100
1111111111101011
1111111111110001
1111111111111000
0000000000000000
0000000000001000
0000000000001110
0000000000010011
0000000000010101
0000000000010010
0000000000001010
1111111111111111
1111111111110010
1111111111100100
1111111111010110
1111111111001110
1111111111001001
1111111111001001
1111111111001111
1111111111011010
1111111111101000
1111111111110110
0000000000000101
0000000000010100
0000000000011111
0000000000101000
0000000000101111
0000000000110011
0000000000110100
0000000000110100
0000000000110101
0000000000110101
0000000000110110
0000000000111010
0000000001000000
0000000001000111
0000000001001111
0000000001011010
0000000001100100
0000000001101101
0000000001110110
0000000010000000
0000000010001000
0000000010001111
0000000010010111
0000000010011111
0000000010100101
0000000010101011
0000000010110001
0000000010110110
0000000010111001
0000000010111101
0000000011000010
0000000011000110
0000000011001001
0000000011001101
0000000011010000
0000000011010000
0000000011001110
0000000011001010
0000000011000011
0000000010110111
0000000010101010
0000000010011100
0000000010001110
0000000001111111
0000000001110100
0000000001101011
0000000001100101
0000000001100011
0000000001100101
0000000001101010
0000000001110001
0000000001111011
0000000010000111
0000000010010011
0000000010011101
0000000010100111
0000000010110000
0000000010110101
0000000010111000
0000000010111010
0000000010111001
0000000010110100
0000000010101101
0000000010100011
0000000010010101
0000000010000010
0000000001101110
0000000001011001
0000000001000011
0000000000101110
0000000000011110
0000000000010001
0000000000000111
0000000000000001
1111111111111111
1111111111111101
1111111111111100
1111111111111100
1111111111111110
1111111111111111
0000000000000010
0000000000001000
0000000000010000
0000000000011000
0000000000100001
0000000000101011
0000000000110011
0000000000110110
0000000000110111
0000000000110100
0000000000101110
0000000000100100
0000000000011010
0000000000010000
0000000000000101
1111111111111010
1111111111110000
1111111111100011
1111111111010100
1111111111000101
1111111110110111
1111111110101010
1111111110011111
1111111110011010
1111111110011001
1111111110011100
1111111110100011
1111111110101100
1111111110110101
1111111110111011
1111111111000001
1111111111000100
1111111111000100
1111111111000010
1111111110111111
1111111110111011
1111111110110110
1111111110110010
1111111110101111
1111111110101110
1111111110101100
1111111110101101
1111111110101111
1111111110110000
1111111110110001
1111111110110011
1111111110110100
1111111110110100
1111111110110100
1111111110110101
1111111110110101
1111111110110011
1111111110110001
1111111110101111
1111111110101010
1111111110100100
1111111110011110
1111111110011001
1111111110010010
1111111110001100
1111111110001001
1111111110000101
1111111110000001
1111111101111111
1111111101111111
1111111101111110
1111111101111110
1111111110000000
1111111110000100
1111111110001000
1111111110001101
1111111110010011
1111111110010111
1111111110011010
1111111110011011
1111111110011011
1111111110011000
1111111110010011
1111111110010000
1111111110001110
1111111110001100
1111111110001101
1111111110010000
1111111110010101
1111111110011000
1111111110011011
1111111110011101
1111111110011101
1111111110011001
1111111110010101
1111111110010010
1111111110001110
1111111110001101
1111111110001111
1111111110010010
1111111110010101
1111111110011000
1111111110011010
1111111110011000
1111111110010010
1111111110001011
1111111110000100
1111111101111011
1111111101110101
1111111101110011
1111111101110100
1111111101110111
1111111101111110
1111111110000111
1111111110010000
1111111110010111
1111111110011110
1111111110100100
1111111110101000
1111111110101011
1111111110101111
1111111110110011
1111111110110111
1111111110111011
1111111111000000
1111111111000100
1111111111000110
1111111111001000
1111111111000111
1111111111000011
1111111110111011
1111111110110010
1111111110101000
1111111110011011
1111111110001111
1111111110000101
1111111101111011
1111111101110010
1111111101101101
1111111101101101
1111111101101111
1111111101110101
1111111110000001
1111111110001111
1111111110011111
1111111110110010
1111111111000110
1111111111011010
1111111111101100
1111111111111110
0000000000001111
0000000000011101
0000000000100111
0000000000110000
0000000000110110
0000000000111001
0000000000111011
0000000000111110
0000000001000001
0000000001000011
0000000001000111
0000000001001100
0000000001001111
0000000001010001
0000000001010011
0000000001010011
0000000001010000
0000000001001110
0000000001001100
0000000001001010
0000000001001001
0000000001001010
0000000001001101
0000000001010010
0000000001011001
0000000001100100
0000000001110001
0000000001111110
0000000010001100
0000000010011100
0000000010101011
0000000010110111
0000000011000001
0000000011001000
0000000011001011
0000000011001010
0000000011000110
0000000010111111
0000000010110100
0000000010101000
0000000010011101
0000000010010001
0000000010000101
0000000001111010
0000000001110001
0000000001101001
0000000001100001
0000000001011100
0000000001011010
0000000001010111
0000000001010111
0000000001011010
0000000001011110
0000000001100000
0000000001100100
0000000001100111
0000000001101001
0000000001101001
0000000001101010
0000000001101011
0000000001101011
0000000001101011
0000000001101101
0000000001101110
0000000001101101
0000000001101101
0000000001101101
0000000001101011
0000000001100111
0000000001100100
0000000001100010
0000000001011110
0000000001011010
0000000001010111
0000000001010011
0000000001001110
0000000001001000
0000000001000001
0000000000110111
0000000000101010
0000000000011100
0000000000001101
1111111111111011
1111111111101010
1111111111011010
1111111111001101
1111111111000010
1111111110111010
1111111110110111
1111111110110110
1111111110110111
1111111110111010
1111111110111110
1111111111000010
1111111111000110
1111111111001011
1111111111010000
1111111111010010
1111111111010100
1111111111010101
1111111111010100
1111111111010000
1111111111001101
1111111111001011
1111111111001001
1111111111001000
1111111111001010
1111111111001110
1111111111010011
1111111111011000
1111111111011111
1111111111100101
1111111111101010
1111111111101111
1111111111110010
1111111111110011
1111111111110001
1111111111101110
1111111111101010
1111111111100011
1111111111011100
1111111111010111
1111111111010010
1111111111001101
1111111111001011
1111111111001011
1111111111001100
1111111111001110
1111111111010011
1111111111011010
1111111111100000
1111111111100111
1111111111110000
1111111111111000
1111111111111110
0000000000000101
0000000000001011
0000000000001111
0000000000010010
0000000000010101
0000000000010111
0000000000011000
0000000000011001
0000000000011100
0000000000011111
0000000000100010
0000000000100111
0000000000101100
0000000000101111
0000000000110010
0000000000110101
0000000000110111
0000000000110111
0000000000111000
0000000000111011
0000000000111110
0000000001000000
0000000001000011
0000000001001000
0000000001001100
0000000001010000
0000000001010111
0000000001011110
0000000001100101
0000000001101101
0000000001110110
0000000001111111
0000000010000110
0000000010001101
0000000010010100
0000000010011000
0000000010011010
0000000010011101
0000000010011110
0000000010011101
0000000010011100
0000000010011010
0000000010010110
0000000010010001
0000000010001011
0000000010000110
0000000001111111
0000000001110111
0000000001110001
0000000001101011
0000000001100011
0000000001011010
0000000001010011
0000000001001010
0000000000111111
0000000000110110
0000000000101110
0000000000100110
0000000000011111
0000000000011101
0000000000011101
0000000000011110
0000000000100010
0000000000100111
0000000000101101
0000000000110001
0000000000110101
0000000000111010
0000000000111100
0000000000111100
0000000000111101
0000000000111110
0000000000111100
0000000000111011
0000000000111011
0000000000111011
0000000000111010
0000000000111011
0000000000111111
0000000001000010
0000000001000110
0000000001001101
0000000001010100
0000000001011011
0000000001100001
0000000001101000
0000000001101110
0000000001110001
0000000001110011
0000000001110110
0000000001110110
0000000001110100
0000000001110100
0000000001110011
0000000001110010
0000000001110000
0000000001101111
0000000001101110
0000000001101100
0000000001101011
0000000001101010
0000000001101001
0000000001100111
0000000001100110
0000000001100111
0000000001101000
0000000001101010
0000000001101110
0000000001110011
0000000001110111
0000000001111100
0000000010000010
0000000010000111
0000000010001011
0000000010010000
0000000010010100
0000000010010111
0000000010011000
0000000010011001
0000000010011000
0000000010010100
0000000010010000
0000000010001011
0000000010000110
0000000010000000
0000000001111100
0000000001111001
0000000001110110
0000000001110100
0000000001110011
0000000001110011
0000000001110010
0000000001110000
0000000001110000
0000000001110000
0000000001101110
0000000001101101
0000000001101101
0000000001101011
0000000001101001
0000000001100111
0000000001100100
0000000001100000
0000000001011100
0000000001011001
0000000001010101
0000000001010000
0000000001001011
0000000001000111
0000000001000000
0000000000111001
0000000000110010
0000000000101010
0000000000100000
0000000000010110
0000000000001101
0000000000000100
1111111111111010
1111111111110010
1111111111101100
1111111111100110
1111111111011111
1111111111011010
1111111111010110
1111111111010000
1111111111001100
1111111111001001
1111111111000110
1111111111000011
1111111111000000
1111111110111110
1111111110111010
1111111110110100
1111111110101110
1111111110101001
1111111110100010
1111111110011100
1111111110011001
1111111110010111
1111111110010110
1111111110011000
1111111110011100
1111111110100000
1111111110100100
1111111110101011
1111111110110001
1111111110110111
1111111110111100
1111111111000011
1111111111001001
1111111111001110
1111111111010101
1111111111011100
1111111111100011
1111111111101001
1111111111110000
1111111111110111
1111111111111011
1111111111111111
0000000000000100
0000000000000111
0000000000001001
0000000000001100
0000000000001111
0000000000010000
0000000000010000
0000000000010000
0000000000001110
0000000000001010
0000000000000101
0000000000000001
1111111111111100
1111111111110111
1111111111110100
1111111111110011
1111111111110100
1111111111110110
1111111111111011
0000000000000001
0000000000000111
0000000000001100
0000000000010001
0000000000010010
0000000000010001
0000000000001110
0000000000001010
0000000000000101
1111111111111111
1111111111111101
1111111111111100
1111111111111100
1111111111111110
0000000000000010
0000000000000110
0000000000001001
0000000000001100
0000000000001111
0000000000010010
0000000000010010
0000000000010100
0000000000010111
0000000000011000
0000000000011010
0000000000011110
0000000000100011
0000000000100110
0000000000101010
0000000000101111
0000000000110011
0000000000110100
0000000000110111
0000000000111001
0000000000111011
0000000000111100
0000000000111110
0000000001000000
0000000001000000
0000000001000001
0000000001000011
0000000001000101
0000000001000110
0000000001001001
0000000001001101
0000000001001111
0000000001010000
0000000001010011
0000000001010100
0000000001010100
0000000001010100
0000000001010110
0000000001011000
0000000001011010
0000000001011101
0000000001100001
0000000001100100
0000000001100110
0000000001101001
0000000001101010
0000000001101001
0000000001100111
0000000001100101
0000000001100001
0000000001011100
0000000001010111
0000000001010011
0000000001001110
0000000001001010
0000000001001001
0000000001001000
0000000001001000
0000000001001001
0000000001001011
0000000001001101
0000000001001110
0000000001001111
0000000001010010
0000000001010010
0000000001010011
0000000001010101
0000000001010101
0000000001010100
0000000001010010
0000000001010000
0000000001001100
0000000001000110
0000000001000001
0000000000111101
0000000000111001
0000000000110101
0000000000110011
0000000000110010
0000000000110000
0000000000101110
0000000000101110
0000000000101111
0000000000101111
0000000000110001
0000000000110100
0000000000110111
0000000000111010
0000000000111111
0000000001000100
0000000001000110
0000000001001000
0000000001001010
0000000001001011
0000000001001001
0000000001001000
0000000001001000
0000000001000111
0000000001000111
0000000001001001
0000000001001110
0000000001010011
0000000001011001
0000000001100000
0000000001100111
0000000001101011
0000000001110000
0000000001110110
0000000001111010
0000000001111101
0000000010000010
0000000010000110
0000000010001000
0000000010001000
0000000010000110
0000000010000010
0000000001111010
0000000001110001
0000000001101001
0000000001100001
0000000001011000
0000000001010011
0000000001001111
0000000001001010
0000000001000101
0000000001000010
0000000000111101
0000000000110110
0000000000101111
0000000000101001
0000000000100001
0000000000011001
0000000000010100
0000000000001111
0000000000001010
0000000000000110
0000000000000100
0000000000000011
0000000000000000
1111111111111110
1111111111111101
1111111111111011
1111111111110111
1111111111110100
1111111111110000
1111111111101001
1111111111100001
1111111111011001
1111111111010000
1111111111000110
1111111110111101
1111111110110110
1111111110110000
1111111110101011
1111111110101010
1111111110101100
1111111110101110
1111111110110010
1111111110111000
1111111110111101
1111111111000000
1111111111000010
1111111111000100
1111111111000100
1111111111000001
1111111110111111
1111111110111110
1111111110111011
1111111110111000
1111111110110110
1111111110110100
1111111110101111
1111111110101011
1111111110100110
1111111110100000
1111111110011001
1111111110010011
1111111110001110
1111111110001001
1111111110000100
1111111110000001
1111111101111111
1111111101111011
1111111101111000
1111111101110111
1111111101110101
1111111101110100
1111111101110100
1111111101110101
1111111101110101
1111111101110100
1111111101110011
1111111101110001
1111111101101101
1111111101101000
1111111101100100
1111111101011111
1111111101011011
1111111101011001
1111111101011001
1111111101011001
1111111101011001
1111111101011100
1111111101100000
1111111101100011
1111111101100111
1111111101101110
1111111101110110
1111111101111111
1111111110001001
1111111110010011
1111111110011100
1111111110100010
1111111110100111
1111111110101001
1111111110101001
1111111110100111
1111111110100111
1111111110100111
1111111110100110
1111111110101000
1111111110101010
1111111110101100
1111111110101101
1111111110101111
1111111110101111
1111111110101110
1111111110101011
1111111110101010
1111111110101000
1111111110100110
1111111110100110
1111111110101000
1111111110101010
1111111110101100
1111111110110000
1111111110110011
1111111110110101
1111111110110111
1111111110111010
1111111110111100
1111111110111101
1111111110111111
1111111111000011
1111111111000110
1111111111001001
1111111111001101
1111111111010001
1111111111010011
1111111111010101
1111111111010111
1111111111011001
1111111111011001
1111111111011010
1111111111011100
1111111111011100
1111111111011101
1111111111011111
1111111111100000
1111111111100000
1111111111011111
1111111111011110
1111111111011100
1111111111011000
1111111111010101
1111111111010100
1111111111010010
1111111111010000
1111111111010000
1111111111010010
1111111111010011
1111111111010100
1111111111010110
1111111111011000
1111111111011000
1111111111011000
1111111111011010
1111111111011010
1111111111011010
1111111111011100
1111111111011111
1111111111100001
1111111111100100
1111111111101000
1111111111101101
1111111111110000
1111111111110011
1111111111110111
1111111111111010
1111111111111011
1111111111111110
0000000000000001
0000000000000011
0000000000000110
0000000000001011
0000000000010000
0000000000010101
0000000000011010
0000000000100000
0000000000100100
0000000000100110
0000000000101000
0000000000101001
0000000000101001
0000000000100111
0000000000101000
0000000000101000
0000000000101000
0000000000101001
0000000000101011
0000000000101011
0000000000101001
0000000000100111
0000000000100011
0000000000011101
0000000000010111
0000000000010011
0000000000010001
0000000000010000
0000000000010010
0000000000011000
0000000000011110
0000000000100100
0000000000101100
0000000000110010
0000000000110111
0000000000111001
0000000000111100
0000000000111101
0000000000111101
0000000000111101
0000000000111110
0000000000111110
0000000000111111
0000000001000010
0000000001000110
0000000001001011
0000000001010001
0000000001011001
0000000001100010
0000000001101000
0000000001101101
0000000001110011
0000000001110110
0000000001111000
0000000001111001
0000000001111011
0000000001111100
0000000001111100
0000000001111101
0000000001111101
0000000001111010
0000000001111000
0000000001110101
0000000001110001
0000000001101101
0000000001101001
0000000001100111
0000000001100100
0000000001100001
0000000001100001
0000000001100000
0000000001011110
0000000001011110
0000000001011110
0000000001011110
0000000001011110
0000000001011110
0000000001011110
0000000001011101
0000000001011010
0000000001011010
0000000001011001
0000000001010111
0000000001010111
0000000001011000
0000000001011010
0000000001011011
0000000001011101
0000000001100001
0000000001100011
0000000001100100
0000000001100111
0000000001101010
0000000001101100
0000000001101110
0000000001110010
0000000001110110
0000000001111000
0000000001111100
0000000001111111
0000000010000000
0000000001111110
0000000001111101
0000000001111011
0000000001110111
0000000001110010
0000000001101111
0000000001101011
0000000001100101
0000000001100001
0000000001011100
0000000001010110
0000000001010000
0000000001001010
0000000001000110
0000000001000001
0000000000111110
0000000000111101
0000000000111100
0000000000111011
0000000000111011
0000000000111100
0000000000111100
0000000000111010
0000000000111010
0000000000111010
0000000000111010
0000000000111010
0000000000111100
0000000000111110
0000000001000000
0000000001000100
0000000001001001
0000000001001100
0000000001001110
0000000001010000
0000000001010011
0000000001010100
0000000001010111
0000000001011100
0000000001100010
0000000001100111
0000000001101111
0000000001110111
0000000001111110
0000000010000011
0000000010001001
0000000010001110
0000000010010000
0000000010010010
0000000010010100
0000000010010101
0000000010010101
0000000010010100
0000000010010101
0000000010010101
0000000010010101
0000000010010110
0000000010011001
0000000010011010
0000000010011011
0000000010011101
0000000010011110
0000000010011110
0000000010011111
0000000010100001
0000000010100011
0000000010100101
0000000010100111
0000000010101010
0000000010101010
0000000010101001
0000000010100111
0000000010100101
0000000010100000
0000000010011011
0000000010011000
0000000010010100
0000000010010001
0000000010001111
0000000010001110
0000000010001011
0000000010001000
0000000010000110
0000000010000010
0000000001111101
0000000001111001
0000000001110101
0000000001110000
0000000001101011
0000000001100110
0000000001100000
0000000001011001
0000000001010001
0000000001001011
0000000001000100
0000000000111100
0000000000110110
0000000000110010
0000000000101101
0000000000100111
0000000000100010
0000000000011101
0000000000010101
0000000000001100
0000000000000101
1111111111111101
1111111111110101
1111111111101110
1111111111101001
1111111111100101
1111111111100000
1111111111011100
1111111111011001
1111111111010101
1111111111010000
1111111111001101
1111111111001011
1111111111000111
1111111111000110
1111111111000110
1111111111000111
1111111111000111
1111111111001001
1111111111001011
1111111111001011
1111111111001001
1111111111001000
1111111111000110
1111111111000001
1111111110111100
1111111110111000
1111111110110100
1111111110110000
1111111110101110
1111111110101111
1111111110101111
1111111110110001
1111111110110110
1111111110111011
1111111110111111
1111111111000011
1111111111000110
1111111111000111
1111111111000100
1111111110111111
1111111110111001
1111111110110001
1111111110101000
1111111110100000
1111111110011001
1111111110010001
1111111110001010
1111111110000110
1111111110000001
1111111101111100
1111111101111000
1111111101110101
1111111101110010
1111111101101111
1111111101101101
1111111101101100
1111111101101011
1111111101101011
1111111101101110
1111111101110001
1111111101110100
1111111101111000
1111111101111100
1111111101111111
1111111110000001
1111111110000011
1111111110000100
1111111110000100
1111111110000011
1111111110000100
1111111110000101
1111111110000110
1111111110001000
1111111110001100
1111111110001111
1111111110010001
1111111110010100
1111111110010111
1111111110011000
1111111110011010
1111111110011110
1111111110100010
1111111110100110
1111111110101100
1111111110110100
1111111110111100
1111111111000100
1111111111001110
1111111111011000
1111111111100000
1111111111100111
1111111111101101
1111111111110010
1111111111110100
1111111111110100
1111111111110101
1111111111110100
1111111111110010
1111111111110001
1111111111101111
1111111111101100
1111111111101000
1111111111100101
1111111111100001
1111111111011011
1111111111010111
1111111111010100
1111111111010000
1111111111001101
1111111111001011
1111111111001010
1111111111001000
1111111111000110
1111111111000110
1111111111000110
1111111111000110
1111111111000101
1111111111000110
1111111111000100
1111111111000010
1111111111000000
1111111110111110
1111111110111010
1111111110110111
1111111110110101
1111111110110011
1111111110101111
1111111110101011
1111111110100111
1111111110100011
1111111110011110
1111111110011100
1111111110011100
1111111110011101
1111111110100000
1111111110100101
1111111110101011
1111111110101111
1111111110110011
1111111110110110
1111111110110110
1111111110110100
1111111110110010
1111111110110000
1111111110101110
1111111110101101
1111111110101110
1111111110110000
1111111110110010
1111111110110110
1111111110111100
1111111111000001
1111111111000111
1111111111001100
1111111111010010
1111111111010110
1111111111011000
1111111111011010
1111111111011011
1111111111011000
1111111111010100
1111111111010000
1111111111001010
1111111111000010
1111111110111011
1111111110110100
1111111110101101
1111111110100111
1111111110100011
1111111110100001
1111111110011111
1111111110011111
1111111110100001
1111111110100011
1111111110100100
1111111110100110
1111111110101000
1111111110101000
1111111110100110
1111111110100110
1111111110100111
1111111110100110
1111111110100110
1111111110101000
1111111110101001
1111111110101000
1111111110101000
1111111110101000
1111111110100110
1111111110100011
1111111110100010
1111111110100010
1111111110100001
1111111110100001
1111111110100100
1111111110100101
1111111110100110
1111111110100110
1111111110100111
1111111110100101
1111111110100011
1111111110100010
1111111110100010
1111111110100010
1111111110100100
1111111110101010
1111111110110000
1111111110110110
1111111110111101
1111111111000101
1111111111001011
1111111111001111
1111111111010011
1111111111010101
1111111111010101
1111111111010100
1111111111010011
1111111111010001
1111111111001101
1111111111001010
1111111111001000
1111111111000110
1111111111000100
1111111111000101
1111111111000111
1111111111001010
1111111111001101
1111111111010011
1111111111011001
1111111111011101
1111111111100010
1111111111101000
1111111111101100
1111111111110001
1111111111110111
1111111111111110
0000000000000011
0000000000001001
0000000000010000
0000000000010111
0000000000011100
0000000000100010
0000000000101001
0000000000101110
0000000000110011
0000000000111001
0000000000111111
0000000001000100
0000000001001000
0000000001001101
0000000001010010
0000000001010101
0000000001011001
0000000001011101
0000000001100000
0000000001100011
0000000001100110
0000000001101001
0000000001101011
0000000001101100
0000000001101111
0000000001110010
0000000001110101
0000000001111001
0000000010000000
0000000010001000
0000000010010000
0000000010011011
0000000010101000
0000000010110101
0000000011000011
0000000011010011
0000000011100011
0000000011110001
0000000100000000
0000000100001111
0000000100011011
0000000100100101
0000000100110000
0000000100111001
0000000101000000
0000000101000101
0000000101001011
0000000101010000
0000000101010011
0000000101010101
0000000101010111
0000000101010111
0000000101010110
0000000101010100
0000000101010010
0000000101001111
0000000101001011
0000000101001010
0000000101001010
0000000101001001
0000000101001011
0000000101001110
0000000101010001
0000000101010011
0000000101010110
0000000101011000
0000000101011000
0000000101010111
0000000101010111
0000000101010101
0000000101010001
0000000101001101
0000000101001010
0000000101000101
0000000100111110
0000000100111000
0000000100110011
0000000100101110
0000000100101001
0000000100100111
0000000100100110
0000000100100100
0000000100100100
0000000100100110
0000000100100111
0000000100100111
0000000100100111
0000000100100111
0000000100100110
0000000100100100
0000000100100011
0000000100100001
0000000100011110
0000000100011010
0000000100010111
0000000100010011
0000000100001101
0000000100001000
0000000100000010
0000000011111011
0000000011110010
0000000011101010
0000000011100001
0000000011010111
0000000011001110
0000000011000111
0000000011000001
0000000010111100
0000000010111010
0000000010111011
0000000010111101
0000000010111111
0000000011000100
0000000011001000
0000000011001011
0000000011001101
0000000011010000
0000000011010001
0000000011010000
0000000011001111
0000000011001110
0000000011001011
0000000011000110
0000000011000001
0000000010111011
0000000010110100
0000000010101101
0000000010100111
0000000010100001
0000000010011010
0000000010010100
0000000010001110
0000000010000111
0000000001111111
0000000001111000
0000000001110000
0000000001101000
0000000001100000
0000000001011010
0000000001010101
0000000001010000
0000000001001110
0000000001001101
0000000001001100
0000000001001011
0000000001001010
0000000001001010
0000000001001000
0000000001000111
0000000001001000
0000000001001001
0000000001001011
0000000001010000
0000000001010111
0000000001011110
0000000001100100
0000000001101011
0000000001110001
0000000001110100
0000000001110110
0000000001111000
0000000001111000
0000000001110111
0000000001110101
0000000001110101
0000000001110011
0000000001110000
0000000001101101
0000000001101100
0000000001101001
0000000001100110
0000000001100100
0000000001100011
0000000001100000
0000000001011110
0000000001011101
0000000001011100
0000000001011011
0000000001011011
0000000001011101
0000000001011101
0000000001011101
0000000001011110
0000000001011101
0000000001011011
0000000001011001
0000000001011001
0000000001011010
0000000001011011
0000000001011111
0000000001100100
0000000001101001
0000000001101101
0000000001110001
0000000001110101
0000000001110101
0000000001110110
0000000001110111
0000000001110110
0000000001110101
0000000001110100
0000000001110100
0000000001110001
0000000001101101
0000000001101010
0000000001100110
0000000001100000
0000000001011010
0000000001010100
0000000001001101
0000000001000101
0000000000111110
0000000000111000
0000000000110001
0000000000101010
0000000000100100
0000000000011111
0000000000011000
0000000000010011
0000000000001111
0000000000001001
0000000000000010
1111111111111011
1111111111110100
1111111111101010
1111111111011110
1111111111010011
1111111111000110
1111111110110111
1111111110101000
1111111110011010
1111111110001011
1111111101111011
1111111101101101
1111111101100001
1111111101010101
1111111101001011
1111111101000100
1111111101000000
1111111100111100
1111111100111001
1111111100110111
1111111100110101
1111111100110000
1111111100101010
1111111100100011
1111111100011010
1111111100001110
1111111100000010
1111111011110101
1111111011100110
1111111011010110
1111111011000111
1111111010110110
1111111010100100
1111111010010011
1111111010000011
1111111001110010
1111111001100010
1111111001010100
1111111001001000
1111111000111011
1111111000101111
1111111000100101
1111111000011010
1111111000001111
1111111000000101
1111110111111101
1111110111110100
1111110111101011
1111110111100101
1111110111011111
1111110111011001
1111110111010011
1111110111001110
1111110111001000
1111110110111111
1111110110110111
1111110110101110
1111110110100100
1111110110011000
1111110110001101
1111110110000011
1111110101111010
1111110101110011
1111110101101111
1111110101101101
1111110101101011
1111110101101011
1111110101101100
1111110101101100
1111110101101100
1111110101101110
1111110101110001
1111110101110010
1111110101110100
1111110101110110
1111110101110111
1111110101110110
1111110101110100
1111110101110011
1111110101110000
1111110101101110
1111110101101101
1111110101110000
1111110101110011
1111110101111001
1111110110000100
1111110110010000
1111110110011110
1111110110101110
1111110110111111
1111110111010000
1111110111011111
1111110111101110
1111110111111110
1111111000001011
1111111000010111
1111111000100011
1111111000101110
1111111000110110
1111111000111110
1111111001000110
1111111001001100
1111111001010001
1111111001011000
1111111001100000
1111111001100111
1111111001110000
1111111001111011
1111111010000110
1111111010010000
1111111010011010
1111111010100110
1111111010110001
1111111010111100
1111111011000111
1111111011010100
1111111011100000
1111111011101100
1111111011111010
1111111100001000
1111111100010101
1111111100100011
1111111100110011
1111111101000011
1111111101010011
1111111101100110
1111111101111010
1111111110001110
1111111110100010
1111111110110111
1111111111001101
1111111111100000
1111111111110100
0000000000001000
0000000000011010
0000000000101100
0000000000111110
0000000001010010
0000000001100100
0000000001110110
0000000010001010
0000000010011110
0000000010110001
0000000011000100
0000000011011000
0000000011101010
0000000011111011
0000000100001100
0000000100011100
0000000100101001
0000000100110101
0000000101000001
0000000101001100
0000000101010110
0000000101100000
0000000101101110
0000000101111011
0000000110001000
0000000110010111
0000000110100111
0000000110110111
0000000111000101
0000000111010101
0000000111100100
0000000111110010
0000000111111110
0000001000001100
0000001000010111
0000001000100000
0000001000101010
0000001000110100
0000001000111100
0000001001000100
0000001001001101
0000001001010111
0000001001100000
0000001001101010
0000001001110100
0000001001111110
0000001010000101
0000001010001100
0000001010010011
0000001010010111
0000001010011010
0000001010011101
0000001010100000
0000001010100010
0000001010100011
0000001010100110
0000001010101000
0000001010101010
0000001010101100
0000001010110000
0000001010110010
0000001010110100
0000001010110110
0000001010111000
0000001010111000
0000001010110111
0000001010110110
0000001010110101
0000001010110010
0000001010110000
0000001010110000
0000001010110000
0000001010110000
0000001010110001
0000001010110010
0000001010110001
0000001010101110
0000001010101011
0000001010100110
0000001010011110
0000001010011000
0000001010010100
0000001010010000
0000001010001110
0000001010001110
0000001010010000
0000001010010001
0000001010010001
0000001010010011
0000001010010011
0000001010010001
0000001010010001
0000001010010010
0000001010010011
0000001010010100
0000001010010111
0000001010011011
0000001010011100
0000001010011100
0000001010011010
0000001010010110
0000001010001110
0000001010000101
0000001001111011
0000001001110000
0000001001100100
0000001001011001
0000001001001111
0000001001000011
0000001000110111
0000001000101101
0000001000100010
0000001000010111
0000001000001101
0000001000000110
0000000111111111
0000000111111001
0000000111110110
0000000111110110
0000000111110101
0000000111110110
0000000111111000
0000000111111001
0000000111111000
0000000111110110
0000000111110011
0000000111101101
0000000111100111
0000000111100011
0000000111100000
0000000111100000
0000000111100010
0000000111101000
0000000111110001
0000000111111001
0000001000000100
0000001000010000
0000001000011101
0000001000101001
0000001000110111
0000001001000110
0000001001010011
0000001001011110
0000001001101001
0000001001101111
0000001001110001
0000001001110000
0000001001101101
0000001001100111
0000001001100000
0000001001011010
0000001001010111
0000001001010100
0000001001010100
0000001001010111
0000001001011100
0000001001100000
0000001001100100
0000001001101000
0000001001101001
0000001001100101
0000001001100000
0000001001011000
0000001001001100
0000001000111110
0000001000101111
0000001000011111
0000001000001101
0000000111111010
0000000111100110
0000000111010001
0000000110111011
0000000110100101
0000000110010000
0000000101111010
0000000101100110
0000000101010100
0000000101000011
0000000100110011
0000000100100101
0000000100011010
0000000100001110
0000000100000010
0000000011110110
0000000011101011
0000000011011110
0000000011010000
0000000011000011
0000000010110110
0000000010101000
0000000010011010
0000000010001100
0000000001111100
0000000001101001
0000000001010110
0000000001000011
0000000000101111
0000000000011011
0000000000001010
1111111111111011
1111111111101100
1111111111011111
1111111111010101
1111111111001010
1111111110111101
1111111110101111
1111111110011111
1111111110001100
1111111101110101
1111111101011111
1111111101000111
1111111100101111
1111111100011001
1111111100000100
1111111011110000
1111111011011011
1111111011000101
1111111010101111
1111111010010110
1111111001111100
1111111001100011
1111111001001011
1111111000110100
1111111000100001
1111111000010010
1111111000000101
1111110111111010
1111110111110001
1111110111101010
1111110111100001
1111110111010110
1111110111001100
1111110111000000
1111110110110010
1111110110100011
1111110110010100
1111110110000100
1111110101110010
1111110101100001
1111110101010000
1111110100111110
1111110100101100
1111110100011011
1111110100001100
1111110011111101
1111110011110000
1111110011100110
1111110011011111
1111110011011000
1111110011010101
1111110011010011
1111110011010010
1111110011010001
1111110011010010
1111110011010100
1111110011010101
1111110011011000
1111110011011101
1111110011100010
1111110011100111
1111110011101100
1111110011110001
1111110011110011
1111110011110001
1111110011101110
1111110011101000
1111110011011110
1111110011010011
1111110011001001
1111110011000001
1111110010111011
1111110010111001
1111110010111101
1111110011000100
1111110011001101
1111110011011001
1111110011101000
1111110011110110
1111110100000100
1111110100010101
1111110100100111
1111110100111000
1111110101001001
1111110101011100
1111110101101100
1111110101111011
1111110110001001
1111110110010110
1111110110100001
1111110110101011
1111110110110111
1111110111000100
1111110111010001
1111110111100000
1111110111110001
1111111000000010
1111111000010011
1111111000100101
1111111000110111
1111111001001000
1111111001011000
1111111001101000
1111111001111000
1111111010000110
1111111010010101
1111111010100100
1111111010110011
1111111011000001
1111111011010000
1111111011011111
1111111011101101
1111111011111011
1111111100001001
1111111100010111
1111111100100010
1111111100101101
1111111100111000
1111111101000010
1111111101001010
1111111101010100
1111111101011110
1111111101101000
1111111101110010
1111111101111110
1111111110001010
1111111110010100
1111111110100000
1111111110101101
1111111110111100
1111111111001011
1111111111011101
1111111111110001
0000000000000101
0000000000011000
0000000000101100
0000000000111110
0000000001001011
0000000001010110
0000000001100000
0000000001100111
0000000001101100
0000000001110001
0000000001110111
0000000001111011
0000000001111110
0000000010000001
0000000010000011
0000000010000001
0000000001111101
0000000001111001
0000000001110010
0000000001101001
0000000001100010
0000000001011101
0000000001011000
0000000001010110
0000000001010111
0000000001011011
0000000001100000
0000000001101000
0000000001110011
0000000001111111
0000000010001011
0000000010011001
0000000010101001
0000000010111000
0000000011000111
0000000011010110
0000000011100101
0000000011110011
0000000100000000
0000000100010000
0000000100100000
0000000100110001
0000000101000100
0000000101011001
0000000101101110
0000000110000001
0000000110010101
0000000110100111
0000000110110111
0000000111000110
0000000111010110
0000000111100111
0000000111111000
0000001000001011
0000001000100001
0000001000110101
0000001001001001
0000001001011101
0000001001110000
0000001010000000
0000001010001110
0000001010011101
0000001010101001
0000001010110010
0000001010111010
0000001011000011
0000001011001010
0000001011001111
0000001011010110
0000001011011101
0000001011100011
0000001011101000
0000001011101110
0000001011110011
0000001011110101
0000001011110101
0000001011110101
0000001011110000
0000001011101000
0000001011011110
0000001011010010
0000001011000100
0000001010110101
0000001010100111
0000001010011001
0000001010001100
0000001010000001
0000001001111001
0000001001110010
0000001001101101
0000001001101011
0000001001101100
0000001001101110
0000001001110010
0000001001110111
0000001001111110
0000001010000011
0000001010001010
0000001010010010
0000001010011010
0000001010100001
0000001010101010
0000001010110010
0000001010111000
0000001010111011
0000001010111101
0000001010111101
0000001010111001
0000001010110101
0000001010110010
0000001010101111
0000001010101101
0000001010101111
0000001010110010
0000001010110110
0000001010111010
0000001011000000
0000001011000101
0000001011000111
0000001011001010
0000001011001100
0000001011001110
0000001011001110
0000001011001111
0000001011010001
0000001011010001
0000001011001111
0000001011001101
0000001011000111
0000001010111101
0000001010101111
0000001010100000
0000001010001110
0000001001111001
0000001001100110
0000001001010100
0000001001000001
0000001000101111
0000001000011110
0000001000001100
0000000111111001
0000000111100110
0000000111010101
0000000111000100
0000000110110101
0000000110101000
0000000110011111
0000000110010111
0000000110010000
0000000110001010
0000000110000011
0000000101111010
0000000101110000
0000000101100110
0000000101011011
0000000101001110
0000000101000011
0000000100111010
0000000100110001
0000000100100111
0000000100011111
0000000100010110
0000000100001010
0000000011111100
0000000011101101
0000000011011011
0000000011001000
0000000010110101
0000000010100100
0000000010010011
0000000010000011
0000000001110100
0000000001100110
0000000001010110
0000000001000111
0000000000111000
0000000000101010
0000000000011011
0000000000010000
0000000000001000
0000000000000000
1111111111111010
1111111111110111
1111111111110100
1111111111110000
1111111111101100
1111111111101001
1111111111100100
1111111111011101
1111111111010110
1111111111010000
1111111111000111
1111111110111110
1111111110110110
1111111110101110
1111111110100110
1111111110011111
1111111110011001
1111111110010010
1111111110001000
1111111101111101
1111111101110001
1111111101100011
1111111101010011
1111111101000111
1111111100111101
1111111100110100
1111111100101111
1111111100101101
1111111100101100
1111111100101010
1111111100100111
1111111100100010
1111111100011011
1111111100010001
1111111100001000
1111111011111111
1111111011110110
1111111011101111
1111111011101011
1111111011101000
1111111011100101
1111111011100011
1111111011100001
1111111011011100
1111111011010110
1111111011010000
1111111011001100
1111111011001001
1111111011001000
1111111011001100
1111111011010010
1111111011011001
1111111011100010
1111111011101100
1111111011110111
1111111100000001
1111111100001111
1111111100011111
1111111100110000
1111111101000011
1111111101011011
1111111101110100
1111111110001101
1111111110100111
1111111111000001
1111111111011000
1111111111101001
1111111111110110
1111111111111101
1111111111111101
1111111111110110
1111111111101100
1111111111011111
1111111111001101
1111111110111001
1111111110100100
1111111110001100
1111111101110001
1111111101010100
1111111100110111
1111111100011001
1111111011111011
1111111011100010
1111111011001100
1111111010111000
1111111010101011
1111111010100011
1111111010011111
1111111010011111
1111111010100011
1111111010101100
1111111010110110
1111111011000010
1111111011010000
1111111011011101
1111111011101000
1111111011110010
1111111011111101
1111111100001000
1111111100010010
1111111100011101
1111111100101010
1111111100110111
1111111101000101
1111111101010100
1111111101100100
1111111101110011
1111111110000011
1111111110010100
1111111110100101
1111111110110110
1111111111001000
1111111111011011
1111111111101101
1111111111111101
0000000000001101
0000000000011010
0000000000100010
0000000000101001
0000000000101111
0000000000110011
0000000000110101
0000000000111000
0000000000111101
0000000001000000
0000000001000001
0000000001000100
0000000001000101
0000000001000100
0000000001000100
0000000001000110
0000000001001001
0000000001001110
0000000001010101
0000000001100000
0000000001101010
0000000001110011
0000000001111011
0000000010000000
0000000010000001
0000000001111111
0000000001111100
0000000001110111
0000000001110001
0000000001101100
0000000001101001
0000000001100111
0000000001100100
0000000001100011
0000000001100011
0000000001100001
0000000001100000
0000000001100010
0000000001100110
0000000001101101
0000000001111011
0000000010001110
0000000010100101
0000000010111110
0000000011011001
0000000011110011
0000000100001010
0000000100011101
0000000100101110
0000000100111011
0000000101000110
0000000101010010
0000000101100000
0000000101110000
0000000110000010
0000000110011001
0000000110110011
0000000111001100
0000000111100100
0000000111111100
0000001000010000
0000001000011110
0000001000101001
0000001000110000
0000001000110100
0000001000110100
0000001000110101
0000001000110110
0000001000110100
0000001000110010
0000001000101111
0000001000101001
0000001000011111
0000001000010100
0000001000001000
0000000111111010
0000000111101010
0000000111011010
0000000111001011
0000000110111010
0000000110101001
0000000110011010
0000000110001001
0000000101110111
0000000101100110
0000000101010111
0000000101001000
0000000100111011
0000000100110100
0000000100110101
0000000100111100
0000000101001010
0000000101100001
0000000101111100
0000000110011010
0000000110111001
0000000111011001
0000000111110110
0000001000010001
0000001000101101
0000001001001000
0000001001100001
0000001001111010
0000001010010010
0000001010100111
0000001010110111
0000001011000000
0000001011000100
0000001010111110
0000001010110001
0000001010011111
0000001010001010
0000001001110011
0000001001011110
0000001001001110
0000001001000010
0000001000111000
0000001000110001
0000001000101100
0000001000100110
0000001000011110
0000001000010101
0000001000001011
0000000111111110
0000000111110000
0000000111100011
0000000111010101
0000000111000110
0000000110110111
0000000110101000
0000000110010110
0000000110000000
0000000101101001
0000000101001111
0000000100110001
0000000100010000
0000000011110000
0000000011001111
0000000010101110
0000000010001101
0000000001101111
0000000001010001
0000000000110010
0000000000010101
1111111111111000
1111111111011011
1111111110111101
1111111110100000
1111111110000101
1111111101101000
1111111101001101
1111111100110011
1111111100011000
1111111011111100
1111111011011111
1111111011000001
1111111010100000
1111111001111100
1111111001011010
1111111000111000
1111111000011000
1111110111111011
1111110111100011
1111110111001111
1111110110111101
1111110110101111
1111110110100010
1111110110010101
1111110110000111
1111110101111010
1111110101101101
1111110101011111
1111110101010010
1111110101001000
1111110101000001
1111110100111100
1111110100111011
1111110100111110
1111110101000010
1111110101000111
1111110101001110
1111110101010101
1111110101011011
1111110101100010
1111110101101011
1111110101110111
1111110110000101
1111110110010111
1111110110101110
1111110111000111
1111110111100001
1111110111111101
1111111000011001
1111111000101111
1111111001000001
1111111001001110
1111111001010010
1111111001001111
1111111001000110
1111111000111010
1111111000101011
1111111000011100
1111111000001111
1111111000000100
1111110111111011
1111110111110100
1111110111110010
1111110111110011
1111110111110111
1111111000000001
1111111000010000
1111111000100011
1111111000111000
1111111001010000
1111111001101010
1111111010000001
1111111010010111
1111111010101011
1111111010111110
1111111011001101
1111111011011011
1111111011101001
1111111011110101
1111111011111110
1111111100000111
1111111100001110
1111111100010000
1111111100001110
1111111100001010
1111111100000011
1111111011111000
1111111011101110
1111111011100101
1111111011011110
1111111011011001
1111111011011000
1111111011011101
1111111011100100
1111111011110000
1111111100000001
1111111100011000
1111111100110011
1111111101010100
1111111101111011
1111111110100101
1111111111010011
0000000000000100
0000000000110111
0000000001101001
0000000010011010
0000000011001011
0000000011111010
0000000100100101
0000000101001110
0000000101110110
0000000110011100
0000000110111111
0000000111100001
0000001000000000
0000001000011010
0000001000101100
0000001000111000
0000001000111100
0000001000110111
0000001000101100
0000001000100000
0000001000010010
0000001000000100
0000000111111100
0000000111111000
0000000111111000
0000000111111011
0000001000000010
0000001000001011
0000001000010001
0000001000010110
0000001000011001
0000001000010111
0000001000010010
0000001000001100
0000001000000111
0000001000000001
0000000111111100
0000000111111010
0000000111111000
0000000111110100
0000000111101111
0000000111100111
0000000111011101
0000000111001111
0000000111000001
0000000110110100
0000000110101001
0000000110011111
0000000110011001
0000000110010111
0000000110010101
0000000110010100
0000000110010100
0000000110010010
0000000110001101
0000000110000101
0000000101111010
0000000101101011
0000000101011001
0000000101000110
0000000100110001
0000000100010110
0000000011111000
0000000011010110
0000000010101111
0000000010000011
0000000001010011
0000000000100001
1111111111101110
1111111110111011
1111111110001101
1111111101100100
1111111101000000
1111111100100011
1111111100001111
1111111100000000
1111111011110101
1111111011101101
1111111011101000
1111111011100001
1111111011011000
1111111011001110
1111111011000011
1111111010110110
1111111010101000
1111111010011011
1111111010001110
1111111010000001
1111111001110100
1111111001101001
1111111001011011
1111111001001011
1111111000111010
1111111000100111
1111111000010000
1111110111111000
1111110111100010
1111110111001101
1111110110111011
1111110110110000
1111110110101100
1111110110101110
1111110110110110
1111110111000011
1111110111010011
1111110111100011
1111110111110100
1111111000000110
1111111000010111
1111111000100111
1111111000110111
1111111001000111
1111111001010111
1111111001100110
1111111001110101
1111111010000110
1111111010010111
1111111010101010
1111111011000011
1111111011011110
1111111011111100
1111111100011110
1111111101000101
1111111101101011
1111111110010001
1111111110110110
1111111111010111
1111111111110010
0000000000000101
0000000000010010
0000000000011000
0000000000011001
0000000000010111
0000000000010111
0000000000011000
0000000000011100
0000000000100101
0000000000110011
0000000001000100
0000000001010111
0000000001101110
0000000010000110
0000000010011110
0000000010111000
0000000011010011
0000000011110001
0000000100010010
0000000100111010
0000000101101010
0000000110100001
0000000111011110
0000001000100010
0000001001101010
0000001010110001
0000001011111001
0000001100111111
0000001110000010
0000001111000001
0000001111111101
0000010000110011
0000010001100000
0000010010000011
0000010010011101
0000010010101011
0000010010101011
0000010010100011
0000010010010011
0000010001111110
0000010001100101
0000010001001101
0000010000111000
0000010000100100
0000010000010010
0000010000000101
0000001111111010
0000001111110001
0000001111101001
0000001111100101
0000001111100010
0000001111011111
0000001111011101
0000001111011101
0000001111011001
0000001111010001
0000001111000100
0000001110101111
0000001110010000
0000001101101001
0000001100111110
0000001100001111
0000001011100000
0000001010110111
0000001010010111
0000001010000000
0000001001110100
0000001001110101
0000001010000000
0000001010010000
0000001010100110
0000001010111101
0000001011010010
0000001011100000
0000001011101010
0000001011101101
0000001011100111
0000001011011011
0000001011001000
0000001010101111
0000001010001110
0000001001100110
0000001000111000
0000001000000001
0000000111000010
0000000101111111
0000000100111010
0000000011110010
0000000010101100
0000000001101100
0000000000110001
1111111111111011
1111111111001001
1111111110011110
1111111101110101
1111111101001110
1111111100101100
1111111100001111
1111111011110101
1111111011011111
1111111011001111
1111111011000010
1111111010110101
1111111010101010
1111111010011110
1111111010010000
1111111001111100
1111111001100100
1111111001000111
1111111000100100
1111110111111011
1111110111010010
1111110110101000
1111110110000001
1111110101011110
1111110101000001
1111110100101000
1111110100010000
1111110011111000
1111110011011110
1111110010111111
1111110010011010
1111110001110100
1111110001001101
1111110000100100
1111101111111101
1111101111011000
1111101110110010
1111101110001011
1111101101100001
1111101100110110
1111101100000111
1111101011010110
1111101010100111
1111101001111101
1111101001011000
1111101000111100
1111101000101101
1111101000101001
1111101000110001
1111101001000011
1111101001100000
1111101010000011
1111101010101010
1111101011010111
1111101100000111
1111101100110111
1111101101101000
1111101110011001
1111101111000111
1111101111101101
1111110000001101
1111110000100100
1111110000110001
1111110000110101
1111110000110111
1111110000111010
1111110001000001
1111110001010001
1111110001101110
1111110010010111
1111110011001001
1111110100000010
1111110101000000
1111110101111101
1111110110110110
1111110111101110
1111111000100100
1111111001011000
1111111010001011
1111111011000010
1111111011111010
1111111100110001
1111111101101000
1111111110011110
1111111111001111
1111111111111010
0000000000100000
0000000001000001
0000000001011001
0000000001101010
0000000001110110
0000000001111101
0000000001111100
0000000001110111
0000000001101111
0000000001100100
0000000001010101
0000000001000110
0000000000111000
0000000000101001
0000000000011010
0000000000001111
0000000000000101
1111111111111101
1111111111110110
1111111111110010
1111111111101101
1111111111101000
1111111111100010
1111111111011101
1111111111010110
1111111111001110
1111111111001000
1111111111000101
1111111111000011
1111111111000111
1111111111010010
1111111111100001
1111111111110100
0000000000001011
0000000000100100
0000000000111100
0000000001010011
0000000001101100
0000000010000101
0000000010100001
0000000011000010
0000000011101100
0000000100011111
0000000101011010
0000000110011101
0000000111100111
0000001000110000
0000001001110101
0000001010110100
0000001011101001
0000001100001111
0000001100100111
0000001100110010
0000001100110000
0000001100100000
0000001100000100
0000001011011100
0000001010101000
0000001001101010
0000001000100111
0000000111100001
0000000110011011
0000000101011100
0000000100100110
0000000011111001
0000000011010100
0000000010110110
0000000010011110
0000000010000111
0000000001110000
0000000001011011
0000000001000111
0000000000110101
0000000000100111
0000000000100000
0000000000011110
0000000000011111
0000000000100100
0000000000101100
0000000000110001
0000000000110100
0000000000110110
0000000000110101
0000000000110010
0000000000101111
0000000000101110
0000000000101110
0000000000101100
0000000000100111
0000000000011100
0000000000001000
1111111111101010
1111111111000101
1111111110011011
1111111101101111
1111111101001000
1111111100101010
1111111100010011
1111111100000011
1111111011110111
1111111011101100
1111111011011111
1111111011001110
1111111010111110
1111111010110011
1111111010110001
1111111010111111
1111111011100000
1111111100010100
1111111101010110
1111111110100001
1111111111101101
0000000000110001
0000000001100100
0000000010000101
0000000010010001
0000000010001001
0000000001110010
0000000001010010
0000000000101011
0000000000000001
1111111111011000
1111111110110010
1111111110001101
1111111101101011
1111111101001110
1111111100110111
1111111100100101
1111111100011011
1111111100011100
1111111100100100
1111111100110101
1111111101001101
1111111101101100
1111111110001110
1111111110110000
1111111111010000
1111111111101010
1111111111111001
1111111111111101
1111111111111001
1111111111110001
1111111111101011
1111111111110001
0000000000001010
0000000000111010
0000000010000100
0000000011101001
0000000101100100
0000000111101100
0000001001111001
0000001100000101
0000001110001001
0000001111111110
0000010001100010
0000010010110101
0000010011110001
0000010100010110
0000010100100100
0000010100011001
0000010011110100
0000010010110110
0000010001101000
0000010000001111
0000001110110101
0000001101100101
0000001100101010
0000001100000101
0000001011111000
0000001011111110
0000001100001111
0000001100011110
0000001100100011
0000001100010110
0000001011110110
0000001011000010
0000001010000010
0000001000111111
0000000111111101
0000000111000000
0000000110001110
0000000101100011
0000000100111010
0000000100010000
0000000011100111
0000000010111111
0000000010011011
0000000010000101
0000000010000110
0000000010100001
0000000011011010
0000000100110001
0000000110100000
0000001000011101
0000001010011010
0000001100001110
0000001101101010
0000001110100111
0000001111000000
0000001110111001
0000001110010101
0000001101011101
0000001100011011
0000001011011000
0000001010010110
0000001001010100
0000001000010000
0000000111000000
0000000101011010
0000000011011100
0000000001000110
1111111110011011
1111111011100111
1111111000111010
1111110110100100
1111110100101101
1111110011011111
1111110010111011
1111110010111100
1111110011011000
1111110100001000
1111110101000010
1111110101111100
1111110110110000
1111110111011011
1111110111111011
1111111000010000
1111111000011011
1111111000100011
1111111000101011
1111111000110011
1111111000111110
1111111001001001
1111111001001111
1111111001001101
1111111001000100
1111111000111001
1111111000110100
1111111000111100
1111111001011100
1111111010010101
1111111011011110
1111111100101111
1111111101111000
1111111110101000
1111111110110100
1111111110010111
1111111101010011
1111111011101010
1111111001100110
1111110111010011
1111110100111001
1111110010011101
1111110000000110
1111101101111001
1111101011110111
1111101010000011
1111101000100011
1111100111011111
1111100110111100
1111100110111111
1111100111101110
1111101001000101
1111101010110101
1111101100110001
1111101110100101
1111101111111101
1111110000101001
1111110000101000
1111101111111110
1111101110110110
1111101101100001
1111101100010011
1111101011010110
1111101010110001
1111101010100101
1111101010101111
1111101011001001
1111101011101101
1111101100011110
1111101101011111
1111101110110100
1111110000100100
1111110010110010
1111110101100000
1111111000100100
1111111011110111
1111111111010000
0000000010011111
0000000101010110
0000000111101110
0000001001100001
0000001010101100
0000001011010010
0000001011011110
0000001011011010
0000001011010001
0000001011001011
0000001011001100
0000001011001111
0000001011001000
0000001010101011
0000001001101101
0000001000000111
0000000101111100
0000000011011111
0000000001000010
1111111110111001
1111111101011001
1111111100101101
1111111100110110
1111111101101000
1111111110110101
0000000000000111
0000000001000101
0000000001011001
0000000000110101
1111111111010011
1111111100110100
1111111001100111
1111110101111111
1111110010010100
1111101110111001
1111101011111110
1111101001101001
1111100111110100
1111100110010110
1111100101000100
1111100011111000
1111100010101110
1111100001110000
1111100001001000
1111100001000100
1111100001101101
1111100011001000
1111100101010001
1111100111111100
1111101010110110
1111101101110011
1111110000100011
1111110010111100
1111110100111011
1111110110100010
1111110111101100
1111111000010110
1111111000011111
1111111000000100
1111110111000110
1111110101101011
1111110100000010
1111110010011110
1111110001001100
1111110000011000
1111110000000101
1111110000001000
1111110000001110
1111101111111111
1111101111001010
1111101101100010
1111101011000101
1111101000000100
1111100100110001
1111100001011111
1111011110100010
1111011100000110
1111011010001111
1111011000111110
1111011000010010
1111011000001100
1111011000101011
1111011001101110
1111011011010100
1111011101011000
1111011111101101
1111100010000101
1111100100010110
1111100110010011
1111100111110010
1111101000110010
1111101001010100
1111101001011010
1111101001000111
1111101000100100
1111100111111000
1111100111000110
1111100110010111
1111100101110001
1111100101011010
1111100101010101
1111100101100110
1111100110010000
1111100111010000
1111101000011100
1111101001101100
1111101010110001
1111101011011001
1111101011011011
1111101010111000
1111101001111001
1111101000110011
1111101000000010
1111101000000100
1111101001001010
1111101011010101
1111101110011000
1111110001110101
1111110101000100
1111110111100101
1111111001000011
1111111001011100
1111111000111100
1111110111111011
1111110110110111
1111110110000001
1111110101100010
1111110101011010
1111110101100001
1111110101101010
1111110101110010
1111110101111110
1111110110011000
1111110111001100
1111111000101001
1111111010111001
1111111101111100
0000000001101000
0000000101110001
0000001010000110
0000001110010111
0000010010010101
0000010101111110
0000011001001111
0000011100001001
0000011110110001
0000100001001100
0000100011011100
0000100101011111
0000100111010111
0000101001000011
0000101010100010
0000101011110100
0000101101000001
0000101110001100
0000101111011001
0000110000101111
0000110010010000
0000110011111011
0000110101101000
0000110111010010
0000111000110000
0000111001110100
0000111010010110
0000111010010110
0000111001110011
0000111000110110
0000110111101010
0000110110100011
0000110101101110
0000110101010110
0000110101100011
0000110110010111
0000110111101010
0000111001010000
0000111010111111
0000111100101011
0000111110000101
0000111111001001
0000111111111000
0001000000010110
0001000000101100
0001000001000111
0001000001101111
0001000010100100
0001000011011101
0001000100001101
0001000100100000
0001000100000101
0001000010110101
0001000000111100
0000111110101100
0000111100100001
0000111010111011
0000111010010000
0000111010100111
0000111011111100
0000111110000001
0001000000100000
0001000010111110
0001000101000111
0001000110101101
0001000111101010
0001001000000000
0001000111111001
0001000111100101
0001000111001110
0001000110111001
0001000110100001
0001000101110101
0001000100010111
0001000001101110
0000111101101011
0000111000001110
0000110001101010
0000101010101000
0000100011111000
0000011110000011
0000011001100001
0000010110011001
0000010100011001
0000010010111111
0000010001100110
0000001111110001
0000001101010001
0000001010000100
0000000110011101
0000000010110101
1111111111100101
1111111101000100
1111111011100001
1111111011000001
1111111011011010
1111111100011100
1111111101110101
1111111111001101
0000000000010001
0000000000111001
0000000001000111
0000000001000001
0000000000110011
0000000000101100
0000000000110000
0000000000111101
0000000001001100
0000000001011000
0000000001011011
0000000001010110
0000000001010011
0000000001011110
0000000010000011
0000000011000111
0000000100101110
0000000110101110
0000001000111000
0000001010110110
0000001100010110
0000001101000101
0000001100110101
0000001011100011
0000001001010101
0000000110010111
0000000010111101
1111111111011111
1111111100010111
1111111001110111
1111111000001101
1111110111011110
1111110111100100
1111111000001101
1111111001000111
1111111001111110
1111111010011100
1111111010010111
1111111001101111
1111111000101011
1111110111010101
1111110101111000
1111110100011100
1111110011000000
1111110001011110
1111101111101110
1111101101101110
1111101011100010
1111101001011010
1111100111110010
1111100111001001
1111100111111000
1111101010010000
1111101110010010
1111110011101010
1111111001110100
0000000000001001
0000000110000011
0000001011000101
0000001110111111
0000010001110110
0000010011111001
0000010101011011
0000010110110010
0000011000010001
0000011001111111
0000011011110110
0000011101101100
0000011111001100
0000011111111110
0000011111110000
0000011110011011
0000011100001000
0000011001001000
0000010101111000
0000010010111000
0000010000011110
0000001110110001
0000001101101011
0000001100111111
0000001100010011
0000001011010100
0000001001110111
0000001000000001
0000000101111010
0000000011110011
0000000001111111
0000000000100101
1111111111011111
1111111110011111
1111111101010000
1111111011011000
1111111000100110
1111110100110111
1111110000010011
1111101011001101
1111100101111011
1111100000111000
1111011100010011
1111011000010011
1111010100111010
1111010010000110
1111001111110101
1111001110000110
1111001101000010
1111001100110001
1111001101010111
1111001110110110
1111010001001010
1111010100001001
1111010111100000
1111011010111111
1111011110010110
1111100001010101
1111100011101111
1111100101011101
1111100110011011
1111100110100110
1111100101111111
1111100100101111
1111100011000010
1111100001000010
1111011110111111
1111011101000101
1111011011011100
1111011010000011
1111011000110111
1111010111110000
1111010110100010
1111010101000011
1111010011001111
1111010001000110
1111001110101010
1111001100000110
1111001001100101
1111000111010000
1111000101001010
1111000011010010
1111000001100100
1110111111110111
1110111110000110
1110111100010111
1110111010110111
1110111001111010
1110111001110101
1110111010111000
1110111101000011
1111000000000001
1111000011010110
1111000110011100
1111001000101101
1111001001110100
1111001001110010
1111001000110111
1111000111100001
1111000110010010
1111000101101001
1111000101101111
1111000110011100
1111000111011001
1111001000001000
1111001000000101
1111000110111001
1111000100100000
1111000001000011
1110111100110110
1110111000010111
1110110100000111
1110110000011010
1110101101011110
1110101011011001
1110101010000111
1110101001100010
1110101001100001
1110101010000001
1110101010111110
1110101100010011
1110101101111101
1110101111110110
1110110001110101
1110110011101111
1110110101011101
1110110110111000
1110110111111101
1110111000100110
1110111000110110
1110111000101100
1110111000000100
1110110110111101
1110110101011110
1110110011101101
1110110001110011
1110110000000010
1110101110101011
1110101101111010
1110101101110110
1110101110100010
1110101111111110
1110110010000000
1110110100011111
1110110111010100
1110111010010110
1110111101100000
1111000000101110
1111000011111110
1111000111001011
1111001010001100
1111001100111001
1111001111001100
1111010000111101
1111010010010000
1111010011010100
1111010100011100
1111010101111110
1111011000010001
1111011011100001
1111011111101011
1111100100011101
1111101001100010
1111101110011110
1111110010111000
1111110110100011
1111111001100001
1111111011111100
1111111110000011
0000000000001010
0000000010100010
0000000101010000
0000001000010100
0000001011101000
0000001111000000
0000010010001011
0000010100111100
0000010111001111
0000011001000100
0000011010100010
0000011011111011
0000011101100001
0000011111100100
0000100010001001
0000100101001011
0000101000011001
0000101011010100
0000101101100001
0000101110101110
0000101110110100
0000101101111011
0000101100011010
0000101010101100
0000101001001010
0000101000000010
0000100111011010
0000100111010001
0000100111011111
0000100111111011
0000101000100100
0000101001011100
0000101010101001
0000101100011001
0000101110111101
0000110010100011
0000110111010010
0000111101001100
0001000100000010
0001001011011000
0001010010100101
0001011000111111
0001011101111110
0001100001000011
0001100010000101
0001100001001110
0001011110110100
0001011011010101
0001010111010010
0001010011000110
0001001110111110
0001001010111100
0001000111000000
0001000011000001
0000111110110101
0000111010011010
0000110101110101
0000110001001100
0000101100101001
0000101000011010
0000100100101000
0000100001011001
0000011110101110
0000011100101010
0000011011001100
0000011010010000
0000011001110110
0000011001111100
0000011010011111
0000011011011010
0000011100101100
0000011110010000
0000100000000100
0000100010000010
0000100100001011
0000100110010111
0000101000011110
0000101010010100
0000101011101111
0000101100100111
0000101100111010
0000101100110011
0000101100101001
0000101100110001
0000101101100001
0000101111000101
0000110001011100
0000110100010011
0000110111001111
0000111001111001
0000111100000010
0000111101101000
0000111110111111
0001000000100011
0001000010101110
0001000101110001
0001001001101010
0001001110000110
0001010010100000
0001010110001111
0001011000110110
0001011010000101
0001011010000001
0001011001000110
0001010111111101
0001010111010010
0001010111100110
0001011001001100
0001011011111101
0001011111010101
0001100010100001
0001100100101001
0001100100110101
0001100010100101
0001011101110111
0001010111001011
0001001111010110
0001000111010110
0001000000000111
0000111010001101
0000110101101110
0000110010011000
0000101111101101
0000101101001110
0000101010100110
0000100111110110
0000100101010010
0000100011010101
0000100010011100
0000100010111011
0000100100101011
0000100111001100
0000101001101010
0000101011001100
0000101010111101
0000101000100100
0000100100001111
0000011110110011
0000011001011101
0000010101011000
0000010011011010
0000010011101001
0000010101010010
0000010110111011
0000010110111100
0000010011111101
0000001101001110
0000000010111010
1111110101111001
1111100111010111
1111011000011100
1111001010000100
1110111100101100
1110110000100010
1110100101101011
1110011100010100
1110010100110010
1110001111011100
1110001100100101
1110001100011000
1110001110100110
1110010010101001
1110010111101111
1110011100111100
1110100001011001
1110100100100101
1110100110011111
1110100111011110
1110101000010001
1110101001101010
1110101100010111
1110110000101000
1110110110010001
1110111100101110
1111000011010001
1111001001001101
1111001110001100
1111010010010101
1111010101111111
1111011001101000
1111011101100011
1111100001110100
1111100110000011
1111101001110011
1111101100101000
1111101110010110
1111101110111001
1111101110011110
1111101101011010
1111101011111111
1111101010010000
1111101000001011
1111100101100001
1111100001111111
1111011101010010
1111010111010100
1111010000010010
1111001000101101
1111000001011011
1110111011100101
1110111000010011
1110111000011010
1110111100001110
1111000011010111
1111001100101101
1111010110100110
1111011111010101
1111100101011011
1111100111111100
1111100110110000
1111100010100000
1111011100011010
1111010101111110
1111010000101011
1111001101100101
1111001101000001
1111001110100011
1111010001000111
1111010011010110
1111010011110111
1111010001110111
1111001101010010
1111000110110010
1110111111011010
1110111000001111
1110110001111100
1110101100100010
1110100111011000
1110100001101010
1110011010101010
1110010010001100
1110001000101101
1101111111010010
1101110111001101
1101110001100111
1101101111001101
1101110000000100
1101110011101011
1101111001000100
1101111111010100
1110000101110001
1110001100010010
1110010011010000
1110011011100110
1110100110010100
1110110100001000
1111000101001111
1111011001000011
1111101110001110
0000000010111011
0000010101010100
0000100100000001
0000101110011000
0000110100100110
0000110111101010
0000111000111010
0000111001100101
0000111010100111
0000111100010111
0000111110100100
0001000000100011
0001000001011111
0001000000101100
0000111101110010
0000111000110111
0000110010011110
0000101011011001
0000100100011010
0000011110001001
0000011000111111
0000010100111010
0000010001101010
0000001111000100
0000001101001000
0000001100001100
0000001100111000
0000001111111111
0000010110001000
0000011111011000
0000101011001011
0000111000011000
0001000101011001
0001010000100110
0001011000101101
0001011101000110
0001011101111000
0001011100000000
0001011000111101
0001010110011010
0001010101101100
0001010111011101
0001011011011101
0001100000100001
0001100100111000
0001100110101110
0001100100101011
0001011110001101
0001010011101000
0001000110000010
0000110110110100
0000100111001000
0000010111101111
0000001000111101
1111111010110111
1111101101011101
1111100001001001
1111010110101000
1111001110101111
1111001010001011
1111001001010010
1111001011110001
1111010000101001
1111010110100100
1111011100001011
1111100000011011
1111100010111000
1111100011111100
1111100100101101
1111100110101011
1111101011010101
1111110011101110
0000000000001001
0000001111111001
0000100001100010
0000110011010010
0001000011011001
0001010000100111
0001011010100011
0001100001101011
0001100110111100
0001101011011111
0001110000011010
0001110110010011
0001111101001110
0010000100110001
0010001100010001
0010010010111000
0010010111110100
0010011010100010
0010011010110000
0010011000011100
0010010011100110
0010001100011001
0010000010111011
0001110111001000
0001101001000010
0001011000110001
0001000110110101
0000110100001001
0000100010000010
0000010010001001
0000000101111000
1111111110000101
1111111010110010
1111111011000111
1111111101011110
0000000000000010
0000000001001101
1111111111111111
1111111100001010
1111110110010100
1111101111101101
1111101001110011
1111100101111010
1111100100111100
1111100111000010
1111101011100000
1111110001000000
1111110101111110
1111111000111011
1111111000111010
1111110101110011
1111110000001111
1111101001010001
1111100001111010
1111011010110010
1111010011111001
1111001100101001
1111000100010010
1110111010010111
1110101110111111
1110100010111100
1110010111011111
1110001110000100
1110000111101010
1110000100100001
1110000100001000
1110000101010010
1110000110011101
1110000110010100
1110000100010011
1110000000101111
1101111100111010
1101111010110000
1101111100011010
1110000011100001
1110010000110011
1110100011110000
1110111010110001
1111010011011100
1111101011010000
0000000000001100
0000010001001001
0000011101111100
0000100111001110
0000101110000001
0000110011001101
0000110111010010
0000111010010000
0000111011101100
0000111011000101
0000111000000011
0000110010101110
0000101011100111
0000100011100101
0000011011100101
0000010100010110
0000001110000111
0000001000100001
0000000010101100
1111111011100011
1111110010000101
1111100101110111
1111010111010100
1111000111101111
1110111001000000
1110101101001000
1110100101110010
1110100011110010
1110100110111100
1110101110001110
1110111000001010
1111000011001000
1111001101111100
1111011000000001
1111100001011001
1111101010100001
1111110100000011
1111111110100101
0000001010001101
0000010110100101
0000100010110100
0000101101110010
0000110110010100
0000111011100101
0000111101011010
0000111100010011
0000111001001101
0000110101001110
0000110001010001
0000101101100101
0000101001110001
0000100101000001
0000011110100001
0000010101110011
0000001011000100
1111111111010000
1111110011101101
1111101001101011
1111100001111101
1111011100101011
1111011001001001
1111010110000100
1111010010001010
1111001100100010
1111000101000101
1110111100100011
1110110100100101
1110101111001011
1110101110001001
1110110010101101
1110111101000101
1111001100011011
1111011111000011
1111110010111010
0000000110001111
0000010111110111
0000100111011100
0000110101011001
0001000010011111
0001001111010110
0001011100001101
0001101000110101
0001110100011100
0001111110000110
0010000100111111
0010001000110010
0010001001100110
0010000111111101
0010000100101011
0010000000011110
0001111011101100
0001110110001111
0001101111101000
0001100111000010
0001011011100110
0001001100110110
0000111010111001
0000100110100111
0000010001011110
1111111101010100
1111101011111100
1111011110100001
1111010101011100
1111010000010101
1111001110001000
1111001101100010
1111001101011000
1111001100111111
1111001100001001
1111001011001011
1111001010110101
1111001011111010
1111001111000100
1111010100100110
1111011100010111
1111100101101001
1111101111010101
1111111000001101
1111111111010011
0000000100000001
0000000110011000
0000000110111000
0000000110001010
0000000100101001
0000000010010011
1111111110100101
1111111000101001
1111101111101010
1111100011010101
1111010100001001
1111000011010000
1110110010010001
1110100010110100
1110010110000100
1110001100010111
1110000101001010
1101111111010011
1101111001011010
1101110010010101
1101101001101100
1101100000000100
1101010110111010
1101010000001100
1101001101111100
1101010001101010
1101011011110010
1101101011101001
1101111111100011
1110010101010010
1110101010101001
1110111110000000
1111001110101101
1111011100110101
1111101001000101
1111110100010000
1111111110111011
0000001001001011
0000010010100010
0000011010010110
0000011111111101
0000100010111100
0000100011010110
0000100001101011
0000011110100011
0000011010100101
0000010110001001
0000010001001100
0000001011010000
0000000011101000
1111111001101001
1111101100111101
1111011101101111
1111001100111000
1110111011110110
1110101100010111
1110011111111011
1110010111011111
1110010011010000
1110010010100001
1110010100000001
1110010110011000
1110011000011010
1110011001010111
1110011001010000
1110011000101011
1110011000101001
1110011010001111
1110011110011100
1110100101110000
1110110000000000
1110111100010110
1111001001100001
1111010110000000
1111100000011011
1111100111111101
1111101100011111
1111101110011101
1111101110100110
1111101101101010
1111101011111110
1111101001010011
1111100101000101
1111011110101011
1111010101110110
1111001010111110
1110111111001000
1110110011111001
1110101010111000
1110100101001110
1110100011010001
1110100100011011
1110100111010000
1110101001111111
1110101011000010
1110101001100101
1110100101101110
1110100000101101
1110011100100000
1110011011010001
1110011110110001
1110100111110111
1110110110010011
1111001000110010
1111011101011100
1111110010011110
0000000110100011
0000011001001010
0000101010100101
0000111011100111
0001001101000110
0001011111011111
0001110010101111
0010000110001100
0010011000110010
0010101001011000
0010110111000101
0011000001100000
0011001000101001
0011001100111101
0011001111000101
0011001111011110
0011001110010100
0011001011010110
0011000110000000
0010111101100011
0010110001011011
0010100001101000
0010001110110100
0001111010010100
0001100101111001
0001010011010101
0001000011111111
0000111000011010
0000110000011000
0000101010111111
0000100110111100
0000100010111011
0000011110000101
0000011000001010
0000010001100000
0000001011000001
0000000101111100
0000000011011100
0000000100010001
0000001000100100
0000001111101111
0000011000100010
0000100001010101
0000101000101001
0000101101011101
0000101111011101
0000101110111111
0000101100111011
0000101010000100
0000100110111010
0000100011011100
0000011111001101
0000011001100111
0000010010010000
0000001001010100
1111111111100101
1111110110001111
1111101110100010
1111101001011111
1111100111010110
1111100111100010
1111101000110111
1111101001111000
1111101001010010
1111100110100000
1111100001111001
1111011100110100
1111011001001001
1111011000110110
1111011101011011
1111100111010111
1111110101111110
0000000111101011
0000011010100000
0000101100100111
0000111100110000
0001001010101001
0001010110101110
0001100001110101
0001101100110010
0001111000000001
0010000011011010
0010001110010000
0010010111101000
0010011110101110
0010100011000001
0010100100100000
0010100011101010
0010100001001110
0010011101111000
0010011010000010
0010010101101101
0010010000011100
0010001001011001
0001111111110001
0001110011000101
0001100011011100
0001010001101010
0000111111010010
0000101110001000
0000011111110010
0000010101010011
0000001110110101
0000001011101100
0000001010100001
0000001001110010
0000001000001100
0000000100111110
0000000000000000
1111111001110110
1111110011100100
1111101110010011
1111101011000000
1111101010001111
1111101011111100
1111101111011010
1111110011100010
1111110111000111
1111111001001011
1111111001001011
1111110111010001
1111110100000110
1111110000011010
1111101100110100
1111101001011111
1111100110000111
1111100001111101
1111011100010111
1111010101000001
1111001100001010
1111000010100101
1110111001011100
1110110001111001
1110101100100111
1110101001100111
1110101000001001
1110100110111110
1110100100100110
1110011111111101
1110011000101111
1110001111100011
1110000101111011
1101111101111100
1101111001101111
1101111010110111
1110000001110110
1110001110001001
1110011110001111
1110110000000111
1111000001110100
1111010010000011
1111100000001110
1111101100100010
1111110111101101
0000000010100100
0000001101101001
0000011001000000
0000100100010011
0000101110111010
0000111000000111
0000111111011100
0001000100110011
0001001000011001
0001001010100100
0001001011101010
0001001011110111
0001001010111011
0001001000010000
0001000011000110
0000111010110010
0000101110111100
0000011111110101
0000001110011111
1111111100011100
1111101011011101
1111011101000110
1111010010010100
1111001011001100
1111000110111110
1111000100010110
1111000001110011
1110111110000001
1110111000010000
1110110000100000
1110100111011100
1110011110001111
1110010110010001
1110010000110100
1110001110100111
1110001111101101
1110010011100010
1110011000111010
1110011110011010
1110100010110011
1110100101010111
1110100101111111
1110100101001000
1110100011011100
1110100001100110
1110011111110001
1110011101101011
1110011010101110
1110010110010000
1110001111111001
1110000111110000
1101111110101001
1101110101110000
1101101110010001
1101101001001001
1101100110110001
1101100110101101
1101100111111101
1101101001010010
1101101001101010
1101101000100111
1101100110100011
1101100100101100
1101100100110011
1101101000100011
1101110001000111
1101111110101101
1110010000011100
1110100100100010
1110111000111100
1111001011110010
1111011011111000
1111101000111011
1111110011011101
1111111100011110
0000000100111111
0000001101101110
0000010110111100
0000100000010101
0000101001010011
0000110001001101
0000110111101101
0000111100101101
0001000000011111
0001000011100100
0001000110011001
0001001001001010
0001001011101010
0001001101010100
0001001101001110
0001001010011011
0001000100011000
0000111011001011
0000101111100011
0000100010111010
0000010111000001
0000001101011010
0000000111000010
0000000100000010
0000000011110000
0000000100111011
0000000110000010
0000000101110011
0000000011011101
1111111110111011
1111111000110010
1111110010001010
1111101100010111
1111101000100101
1111100111011110
1111101001000111
1111101100110011
1111110001010000
1111110101000101
1111110111000110
1111110110101010
1111110011110110
1111101111011011
1111101010011100
1111100101111000
1111100010010011
1111011111110011
1111011110000000
1111011100010010
1111011010010010
1111011000000010
1111010101111110
1111010100111011
1111010101110001
1111011001000000
1111011110011111
1111100101011000
1111101100010010
1111110001100111
1111110100000000
1111110010111011
1111101110111000
1111101001010101
1111100100011100
1111100010100001
1111100101010110
1111101101101011
1111111011000000
0000001011111001
0000011110010101
0000110000010001
0001000000010100
0001001101111011
0001011001010011
0001100011001110
0001101100101001
0001110110010000
0010000000010000
0010001010011000
0010010100000011
0010011100100101
0010100011011100
0010101000011011
0010101011110000
0010101101110100
0010101111000110
0010101111110111
0010110000000101
0010101111001010
0010101100001111
0010100110010111
0010011100110101
0010001111100000
0001111111000010
0001101100110001
0001011010011100
0001001001101011
0000111011101100
0000110000111101
0000101001000010
0000100010111010
0000011101010100
0000010111000111
0000001111100100
0000000110100111
1111111100110110
1111110011010011
1111101011000111
1111100101010011
1111100010010111
1111100010001010
1111100011110110
1111100110001111
1111101000000101
1111101000010111
1111100110110000
1111100011100101
1111011111101000
1111011011110001
1111011000101101
1111010110100110
1111010101000001
1111010011001010
1111010000001111
1111001011110100
1111000110000000
1110111111101000
1110111001111110
1110110110010101
1110110101101000
1110111000000010
1110111100111011
1111000010110110
1111001000000011
1111001011000100
1111001011000110
1111001000011011
1111000100010110
1111000000111101
1111000000011001
1111000100010000
1111001101001000
1111011010011011
1111101010100001
1111111011010101
0000001011000010
0000011000011001
0000100011000000
0000101011010101
0000110010010010
0000111000110000
0000111111001101
0001000101101000
0001001011011111
0001001111111111
0001010010011100
0001010010100010
0001010000011111
0001001100111101
0001001000110101
0001000100111111
0001000001111011
0000111111100011
0000111101001110
0000111001111011
0000110100100011
0000101100011000
0000100001011011
0000010100100100
0000000111010000
1111111011010001
1111110010001110
1111101101000011
1111101011101110
1111101101100000
1111110000111110
1111110100100001
1111110110101111
1111110110110010
1111110100100000
1111110000010111
1111101011010111
1111100110110010
1111100011101101
1111100010110011
1111100100001010
1111100111001110
1111101010111010
1111101110000001
1111101111100110
1111101111001111
1111101101001000
1111101001111101
1111100110101000
1111100011110100
1111100001110000
1111100000001011
1111011110011101
1111011011111001
1111011000000100
1111010011000110
1111001101101110
1111001000111111
1111000110000001
1111000101100111
1111000111111000
1111001100000111
1111010000111110
1111010100111010
1111010110100011
1111010101001111
1111010001011000
1111001100011000
1111001000010000
1111000111001001
1111001010101000
1111010011001111
1111100000010011
1111110000001100
0000000000111100
0000010000101000
0000011110000110
0000101001000110
0000110010001011
0000111010010101
0001000010100011
0001001011011011
0001010100111010
0001011110010101
0001100110110010
0001101101010111
0001110001011110
0001110011000100
0001110010101001
0001110001000101
0001101111010000
0001101101101111
0001101100100111
0001101011010101
0001101000110110
0001100011111110
0001011011111001
0001010000011000
0001000010000110
0000110010011101
0000100011010011
0000010110010001
0000001100100001
0000000110010111
0000000011001111
0000000001111001
0000000000110110
1111111110110011
1111111010111010
1111110100111011
1111101101011010
1111100101010111
1111011110000010
1111011000100111
1111010101111011
1111010110001010
1111011000110111
1111011101000000
1111100001011001
1111100100111001
1111100110110001
1111100110110011
1111100101010000
1111100010100101
1111011111001010
1111011011001010
1111010110011000
1111010000010101
1111001000101000
1110111111001110
1110110100100011
1110101001100110
1110011111110001
1110011000100000
1110010100110010
1110010100111010
1110011000010100
1110011101101000
1110100011000010
1110100110111001
1110101000001010
1110100110110100
1110100011110101
1110100000111111
1110100000010111
1110100011100010
1110101011001100
1110110110111110
1111000101100111
1111010101010001
1111100100001101
1111110001010010
1111111100000110
0000000100111011
0000001100100011
0000010011110011
0000011011000111
0000100010011101
0000101001010111
0000101111000100
0000110010110011
0000110100001000
0000110011000111
0000110000001111
0000101100010101
0000101000010001
0000100100101110
0000100001110110
0000011111001110
0000011100000001
0000010111010001
0000010000001111
0000000110101110
1111111011010110
1111101111010100
1111100100000111
1111011011001011
1111010101011000
1111010010110111
1111010010111110
1111010100101000
1111010110011110
1111010111010100
1111010110011001
1111010011100100
1111001111001101
1111001010000111
1111000101010110
1111000001110110
1111000000001110
1111000000100000
1111000010010000
1111000100100100
1111000110011000
1111000110110111
1111000101101001
1111000010111001
1110111111001100
1110111011010101
1110110111111111
1110110101011011
1110110011011011
1110110001011101
1110101110110111
1110101011001011
1110100110011001
1110100001001011
1110011100100001
1110011001100110
1110011001010110
1110011100000110
1110100001011000
1110100111111110
1110101110010110
1110110011000000
1110110101000100
1110110100101001
1110110010111010
1110110001110010
1110110011010100
1110111001000110
1111000011110011
1111010010111010
1111100100111010
1111110111111100
0000001010001011
0000011010011011
0000101000010111
0000110100100000
0000111111101110
0001001010111000
0001010110011101
0001100010010111
0001101101111100
0001111000010000
0010000000011101
0010000110000110
0010001001001100
0010001010010100
0010001010010111
0010001010001110
0010001010010110
0010001010101001
0010001010011100
0010001000100001
0010000011101000
0001111010111101
0001101110100000
0001011111000100
0001001110010010
0000111110001001
0000110000011011
0000100110001110
0000011111110000
0000011100011000
0000011010101111
0000011001001110
0000010110011111
0000010001101101
0000001010101100
0000000010000000
1111111000110000
1111110000001111
1111101001101010
1111100101110010
1111100100110001
1111100110000110
1111101000101111
1111101011100010
1111101101100000
1111101110000101
1111101101010000
1111101011011110
1111101001010100
1111100111001110
1111100101010001
1111100011001011
1111100000011000
1111011100010100
1111010110110010
1111010000001011
1111001001011010
1111000011110101
1111000000110101
1111000001011011
1111000101110110
1111001101011111
1111010110111011
1111100000010111
1111101000000011
1111101100111100
1111101110111111
1111101111001101
1111101111010110
1111110001011011
1111110111000001
0000000000110010
0000001110010011
0000011110010010
0000101111000000
0000111110110001
0001001100100010
0001011000000001
0001100001100101
0001101001111111
0001110001111110
0001111001111001
0010000001100010
0010001000010010
0010001101010010
0010001111110100
0010001111100000
0010001100100011
0010000111101011
0010000001111001
0001111100001100
0001110111010001
0001110011001111
0001101111100101
0001101011010011
0001100101011001
0001011101000111
0001010010010101
0001000101110011
0000111000111000
0000101101001001
0000100100000000
0000011110010101
0000011100001011
0000011100101101
0000011110101001
0000100000100001
0000100001000000
0000011111010001
0000011011000110
0000010101000000
0000001101110110
0000000110110000
0000000000110101
1111111100110001
1111111010101101
1111111010001110
1111111010100001
1111111010101010
1111111001110101
1111110111101100
1111110100010110
1111110000010000
1111101011111010
1111100111101101
1111100011101010
1111011111010110
1111011010001000
1111010011011010
1111001010111011
1111000000111011
1110110110010001
1110101100010110
1110100100100001
1110011111110111
1110011110110101
1110100000111101
1110100100111111
1110101001001010
1110101011111000
1110101100000011
1110101001100111
1110100101100100
1110100001110001
1110100000010001
1110100010101101
1110101001111011
1110110101101010
1111000100101011
1111010101001111
1111100101101100
1111110100110111
0000000010001111
0000001110000010
0000011000111000
0000100011011010
0000101101111110
0000111000011111
0001000010100000
0001001011001110
0001010010000000
0001010110011100
0001011000100101
0001011000110110
0001010111111101
0001010110101011
0001010101011100
0001010100001110
0001010010100001
0001001111011011
0001001001111110
0001000001100101
0000110110010010
0000101000111001
0000011010110001
0000001101100000
0000000010100010
1111111010101101
1111110110000001
1111110011110101
1111110010111101
1111110010000000
1111101111110010
1111101011101000
1111100101011100
1111011101101101
1111010101011100
1111001101111001
1111001000001011
1111000100111111
1111000100011111
1111000110001100
1111001001000010
1111001011110101
1111001101100000
1111001101010111
1111001011001111
1111000111010110
1111000010010000
1110111100011011
1110110110000011
1110101111000110
1110100111010100
1110011110010111
1110010100001011
1110001001001100
1101111110010000
1101110100100100
1101101101011101
1101101001111111
1101101010100001
1101101110100101
1101110100111110
1101111011111011
1110000001101011
1110000100111111
1110000101100101
1110000100010010
1110000010101100
1110000010110101
1110000110011100
1110001110011101
1110011010110001
1110101010010011
1110111011011110
1111001100100100
1111011100010100
1111101010001001
1111110110001001
0000000000110101
0000001010110010
0000010100011010
0000011101101011
0000100110000110
0000101101000101
0000110010000101
0000110100110010
0000110101011000
0000110100011110
0000110011000000
0000110001110011
0000110001011101
0000110001111111
0000110010110101
0000110010111011
0000110001001001
0000101100101100
0000100101010110
0000011011101101
0000010001000110
0000000111001001
1111111111010110
1111111010101110
1111111001100101
1111111011010111
1111111110111000
0000000010101110
0000000101100001
0000000110010000
0000000100100010
0000000000101010
1111111011011110
1111110110001000
1111110001101111
1111101111001010
1111101110101011
1111101111111100
1111110010001101
1111110100100011
1111110110000111
1111110110011101
1111110101100101
1111110011111001
1111110001111001
1111101111111101
1111101110001100
1111101100010110
1111101001110100
1111100110000011
1111100000110010
1111011010001011
1111010010111101
1111001100010101
1111000111101001
1111000101111010
1111000111100001
1111001100000110
1111010010011011
1111011000110000
1111011101011011
1111011111011010
1111011110101000
1111011100000111
1111011001101110
1111011001100111
1111011101011111
1111100110001010
1111110011011011
0000000100000000
0000010110001000
0000101000000011
0000111000100101
0001000111010001
0001010100010101
0001100000100001
0001101100100110
0001111000111011
0010000101011000
0010010001010111
0010011011111110
0010100100010001
0010101001101011
0010101100001011
0010101100001110
0010101010101100
0010101000100001
0010100110011001
0010100100011000
0010100001111011
0010011110000111
0010010111110101
0010001110010100
0010000001100001
0001110010010000
0001100001111010
0001010010001101
0001000100101111
0000111010100000
0000110011101000
0000101111011101
0000101100110011
0000101010001111
0000100110011100
0000100000101001
0000011000110000
0000001111010010
0000000101010000
1111111011111101
1111110100100011
1111101111110000
1111101101101100
1111101101111010
1111101111100001
1111110001011010
1111110010101100
1111110010111000
1111110001110101
1111101111110010
1111101101001001
1111101010001101
1111100111000000
1111100011010010
1111011110101011
1111011000110110
1111010001101010
1111001001100011
1111000001011100
1110111010100001
1110110110000100
1110110101000010
1110110111110001
1110111101101101
1111000101100001
1111001101011100
1111010011110001
1111010111010101
1111011000000001
1111010110110010
1111010101011011
1111010101111100
1111011010000110
1111100010110000
1111101111101001
1111111111100011
0000010000110000
0000100001100000
0000110000011111
0000111101001010
0001000111101001
0001010000100001
0001011000010111
0001011111100011
0001100110000001
0001101011010010
0001101110101010
0001101111100100
0001101101110011
0001101001100100
0001100011100111
0001011101000000
0001010110110011
0001010001101001
0001001101101001
0001001010010011
0001000110100100
0001000001010100
0000111001110000
0000101111110100
0000100100000111
0000010111111111
0000001101000100
0000000100110010
1111111111111101
1111111110101010
0000000000001000
0000000011000001
0000000101110011
0000000111001001
0000000110001010
0000000010101010
1111111101001000
1111110110100110
1111110000010111
1111101011100100
1111101001000001
1111101000111010
1111101010110101
1111101101111000
1111110001000001
1111110011010101
1111110100001101
1111110011100000
1111110001011011
1111101110010111
1111101010100110
1111100110001110
1111100001000100
1111011010110001
1111010011000000
1111001001101111
1110111111011011
1110110100111010
1110101011011010
1110100100010000
1110100000011011
1110100000010010
1110100011010111
1110101000011100
1110101101110011
1110110001101110
1110110011000110
1110110001110010
1110101110101001
1110101011010111
1110101001111110
1110101100001001
1110110010110001
1110111101101101
1111001011111101
1111011011111100
1111101100000101
1111111011010000
0000001001000001
0000010101100001
0000100001001110
0000101100101011
0000111000000101
0001000011001100
0001001101010110
0001010101110001
0001011011101101
0001011110101110
0001011110111101
0001011101000011
0001011001111010
0001010110100000
0001010011100010
0001010001001001
0001001110110101
0001001011101101
0001000110110000
0000111111001101
0000110100111001
0000101000011001
0000011010111011
0000001101111101
0000000010110101
1111111010100000
1111110101001101
1111110010011100
1111110001001110
1111110000011010
1111101110111001
1111101011111110
1111100111100001
1111100010000010
1111011100010111
1111010111100110
1111010100101110
1111010100010000
1111010110000111
1111011001100110
1111011101101010
1111100001000100
1111100010110001
1111100010001100
1111011111010001
1111011010010110
1111010100000000
1111001100110101
1111000101001110
1110111101001101
1110110100101011
1110101011011110
1110100001100101
1110010111010100
1110001101011011
1110000101000000
1101111111001000
1101111100101011
1101111101111100
1110000010011100
1110001000111000
1110001111100000
1110010100101010
1110010111001100
1110010110111100
1110010100110110
1110010010101100
1110010010100010
1110010110000110
1110011110010001
1110101010110111
1110111010101001
1111001011110100
1111011100101100
1111101011111100
1111111001000010
0000000100001010
0000001101111111
0000010111001010
0000100000000110
0000101000110010
0000110000101101
0000110111000110
0000111011001110
0000111100101010
0000111011100000
0000111000010100
0000110100000011
0000101111110000
0000101100001010
0000101001011011
0000100111001010
0000100100100011
0000100000100100
0000011010100011
0000010010011111
0000001001000000
1111111111010100
1111110110111011
1111110001000111
1111101110100010
1111101111000110
1111110001111110
1111110101110011
1111111001000001
1111111010010000
1111111000101111
1111110100010110
1111101101101001
1111100101110100
1111011110010001
1111011000010011
1111010100101111
1111010011110010
1111010101000000
1111010111011110
1111011010000101
1111011011111101
1111011100100100
1111011011110101
1111011010000101
1111010111110111
1111010101100010
1111010011001101
1111010000101001
1111001101011011
1111001001000001
1111000011001010
1110111100000111
1110110100101001
1110101101111001
1110101001001110
1110100111101110
1110101001111000
1110101111001111
1110110110100101
1110111110001001
1111000100001010
1111000111011011
1111000111110111
1111000110011101
1111000101000001
1111000101101110
1111001010011000
1111010011111000
1111100001111101
1111110011011101
0000000110101010
0000011001110100
0000101011101111
0000111011111111
0001001010110011
0001011000110000
0001100110011110
0001110100001111
0010000001110011
0010001110011100
0010011001010001
0010100001011010
0010100110011000
0010101000001110
0010100111100111
0010100101100011
0010100011000100
0010100000111000
0010011111001011
0010011101011010
0010011010100110
0010010101101000
0010001101101110
0010000010101100
0001110101001000
0001100110010000
0001010111101000
0001001010100111
0001000000000110
0000111000010101
0000110010110001
0000101110011000
0000101001111101
0000100100011100
0000011101001011
0000010100000111
0000001001110110
1111111111100000
1111110110010010
1111101111010001
1111101011001000
1111101001110111
1111101010110100
1111101100111110
1111101111010000
1111110000101100
1111110000110010
1111101111100001
1111101101001111
1111101010011000
1111100111010110
1111100100010100
1111100001000011
1111011101001011
1111011000010010
1111010010010001
1111001011010110
1111000100010000
1110111110001001
1110111010010001
1110111001101000
1110111100100111
1111000010110110
1111001011000111
1111010011101011
1111011010110101
1111011111011110
1111100001011011
1111100001100011
1111100001100101
1111100011100001
1111101000111011
1111110010100101
0000000000001100
0000010000100000
0000100001110001
0000110010010110
0001000001000111
0001001101101100
0001011000010100
0001100001101111
0001101010100111
0001110011010001
0001111011100001
0010000010110011
0010001000001100
0010001010111000
0010001010011110
0010000111001010
0010000001101100
0001111011010000
0001110101000111
0001110000001011
0001101100101101
0001101010010010
0001100111111111
0001100100101001
0001011111010110
0001010111110001
0001001110010110
0001000100000011
0000111010001011
0000110001111101
0000101100001001
0000101000110100
0000100111011100
0000100111000010
0000100110011100
0000100100100101
0000100000111000
0000011011010110
0000010100100001
0000001101011011
0000000111010001
0000000011000110
0000000001011101
0000000010010100
0000000101000100
0000001000101101
0000001100000110
0000001110010100
0000001110111001
0000001101101111
0000001011000111
0000000111100000
0000000011010001
1111111110011111
1111111001000001
1111110010100010
1111101010101100
1111100001010111
1111010110110111
1111001100000001
1111000001111101
1110111001111101
1110110101000111
1110110011110111
1110110101110001
1110111001101000
1110111101101110
1111000000010110
1111000000010010
1110111101011000
1110111000100100
1110110011101001
1110110000100111
1110110001010011
1110110110101000
1111000000011011
1111001101100111
1111011100100110
1111101011110011
1111111010000100
0000000110111011
0000010010100110
0000011101100111
0000101000011111
0000110011100001
0000111110100000
0001001000110100
0001010001100101
0001011000000011
0001011011110011
0001011100111001
0001011011111101
0001011001111011
0001010111110000
0001010110000100
0001010100111011
0001010011110101
0001010001110000
0001001101100111
0001000110101100
0000111100110101
0000110000100111
0000100011001111
0000010110001101
0000001010111001
0000000010001111
1111111100100010
1111111001011011
1111110111111111
1111110111000110
1111110101101010
1111110010111100
1111101110101010
1111101001001010
1111100011010011
1111011110000010
1111011010010010
1111011000100011
1111011000110100
1111011010011101
1111011100011111
1111011101110111
1111011101101111
1111011011101001
1111010111101001
1111010010001110
1111001100000000
1111000101100000
1110111111000010
1110111000100110
1110110001110011
1110101010001111
1110100001101011
1110011000010000
1110001110100011
1110000101100111
1101111110101101
1101111010111010
1101111010101011
1101111101101100
1110000010110101
1110001000011001
1110001100101100
1110001110100011
1110001101110010
1110001011001100
1110001000011010
1110000111011011
1110001001110101
1110010000011010
1110011010111100
1110101000011000
1110110111001001
1111000101101110
1111010011001010
1111011111001000
1111101001110110
1111110011111000
1111111101110010
0000000111101101
0000010001010110
0000011001111110
0000100000101110
0000100100110001
0000100101101101
0000100011110011
0000011111110101
0000011011000000
0000010110100001
0000010011010100
0000010001101011
0000010001001011
0000010000111001
0000001111110010
0000001100111100
0000001000000000
0000000001011000
1111111010000000
1111110011000011
1111101101101000
1111101010011110
1111101001101000
1111101010100010
1111101100001001
1111101101010000
1111101100101111
1111101001111010
1111100100101111
1111011101110111
1111010110010111
1111001111100100
1111001010101011
1111001000010110
1111001000101001
1111001011000001
1111001110100010
1111010010001001
1111010100111100
1111010110100001
1111010110110111
1111010110010100
1111010101010100
1111010100001110
1111010011000111
1111010001101100
1111001111100001
1111001100001010
1111000111011000
1111000001010101
1110111010110000
1110110100110001
1110110000100111
1110101111010010
1110110001001111
1110110110000110
1110111100100110
1111000011000110
1111001000000000
1111001010010010
1111001001110100
1111000111101010
1111000101100110
1111000101100111
1111001001010110
1111010001101001
1111011110001101
1111101101111001
1111111111000111
0000010000010111
0000100000100111
0000101111100000
0000111101010000
0001001010011101
0001010111100110
0001100100110110
0001110001111110
0001111110010001
0010001000110010
0010010000101111
0010010101101101
0010010111110100
0010010111101011
0010010110010110
0010010100110110
0010010011110110
0010010011011001
0010010011000000
0010010001101010
0010001110010000
0010001000000000
0001111110110001
0001110011000100
0001100101111111
0001011000111100
0001001101001100
0001000011100101
0000111100010011
0000110111000000
0000110010110101
0000101110101110
0000101001101100
0000100011001101
0000011011001100
0000010010001000
0000001000111111
0000000000111001
1111111010101111
1111110111000011
1111110101110101
1111110110100010
1111111000010010
1111111010001000
1111111011010111
1111111011101000
1111111010111010
1111111001100001
1111110111110111
1111110110001000
1111110100010001
1111110010000000
1111101110111000
1111101010011100
1111100100100001
1111011101011011
1111010101111100
1111001111010000
1111001010101111
1111001001100001
1111001100000011
1111010001111010
1111011001111100
1111100010011001
1111101001100011
1111101110001101
1111110000001100
1111110000010100
1111110000001100
1111110001101010
1111110110010011
1111111110110000
0000001010101110
0000011001000111
0000101000011000
0000110111000010
0001000100001000
0001001111010110
0001011000111101
0001100001011101
0001101001011000
0001110000111011
0001110111111000
0001111101100111
0010000001011101
0010000010110110
0010000001100101
0001111110000010
0001111001000111
0001110011111100
0001101111100010
0001101100100010
0001101010111110
0001101010001000
0001101000111001
0001100110000110
0001100000111010
0001011001000010
0001001110111101
0001000011110000
0000111000110000
0000101111001011
0000100111110111
0000100011000110
0000100000011111
0000011111001011
0000011110001000
0000011100010101
0000011001001000
0000010100011010
0000001110101010
0000001000110100
0000000011111001
0000000000110100
0000000000000111
0000000001101010
0000000100110001
0000001000100000
0000001011110011
0000001101110110
0000001110001100
0000001100111011
0000001010011011
0000000111001010
0000000011100000
1111111111100111
1111111011010001
1111110110000101
1111101111101000
1111100111101111
1111011110100001
1111010100101010
1111001011010000
1111000011100001
1110111110011100
1110111100011011
1110111101001010
1110111111011111
1111000001110101
1111000010101011
1111000001000101
1110111101000000
1110110111011001
1110110001111110
1110101110101001
1110101110111001
1110110011011101
1110111100000101
1111000111101010
1111010100101110
1111100001111000
1111101110001110
1111111001011010
0000000011101010
0000001101100010
0000010111100011
0000100001111000
0000101100010010
0000110110001100
0000111110110000
0001000101001011
0001001001000010
0001001010011010
0001001001110101
0001001000001000
0001000110001101
0001000100100111
0001000011010011
0001000001101111
0000111111000100
0000111010010010
0000110010110011
0000101000100111
0000011100011010
0000001111011001
0000000011000001
1111111000101100
1111110001010101
1111101101001110
1111101100000000
1111101100101111
1111101110001101
1111101111000110
1111101110100011
1111101100001101
1111101000010010
1111100011100001
1111011110111001
1111011011010111
1111011001011101
1111011001001101
1111011010001101
1111011011101110
1111011100110111
1111011101000010
1111011011111101
1111011001101101
1111010110100101
1111010011000001
1111001111001111
1111001011001101
1111000110101010
1111000001001100
1110111010011010
1110110010001010
1110101000101111
1110011111000000
1110010110001000
1110001111011010
1110001011111100
1110001100001000
1110001111100011
1110010100111100
1110011010101001
1110011110111110
1110100000110100
1110100000000100
1110011101101001
1110011011001100
1110011010100101
1110011101011010
1110100100011001
1110101111001110
1110111100110100
1111001011101110
1111011010011111
1111101000000111
1111110100010000
1111111111000110
0000001001001000
0000010010110010
0000011100010000
0000100101010011
0000101101010001
0000110011010110
0000110110111010
0000110111101010
0000110101111000
0000110010011001
0000101110011001
0000101011000000
0000101000111100
0000101000011011
0000101000111101
0000101001100011
0000101001000111
0000100110110110
0000100010011101
0000011100010000
0000010101001001
0000001110010001
0000001000101100
0000000101000101
0000000011101000
0000000011111011
0000000101000011
0000000101111001
0000000101100000
0000000011001110
1111111110111101
1111111001010010
1111110011001100
1111101101110010
1111101010000001
1111101000011101
1111101001000100
1111101011010010
1111101110001111
1111110001000101
1111110011001001
1111110100001010
1111110100010000
1111110011110110
1111110011010111
1111110011000010
1111110010110100
1111110010011000
1111110001000101
1111101110010010
1111101001101010
1111100011010000
1111011011101011
1111010100000100
1111001101101111
1111001001110111
1111001000111111
1111001010111100
1111001110110001
1111010011000000
1111010110001001
1111010111010000
1111010110010001
1111010100000001
1111010010000100
1111010010001111
1111010101111001
1111011101101010
1111101001001111
1111110111100100
0000000111001100
0000010110110001
0000100101011011
0000110010111001
0000111111010111
0001001011011000
0001010111011100
0001100011101011
0001101111110011
0001111011001001
0010000100110111
0010001100001011
0010010000101010
0010010010011111
0010010010010010
0010010000111111
0010001111011111
0010001110011001
0010001101101101
0010001100110100
0010001010110011
0010000110101101
0001111111110011
0001110101111110
0001101001110001
0001011100010000
0001001110101100
0001000010010011
0000110111111101
0000101111111101
0000101001111111
0000100101010001
0000100000110100
0000011011101000
0000010101000001
0000001100111101
0000000011111001
1111111010101111
1111110010100010
1111101100010010
1111101000011110
1111100111000100
1111100111100001
1111101001000000
1111101010100100
1111101011100000
1111101011011110
1111101010011111
1111101000110010
1111100110101101
1111100100011101
1111100010000001
1111011111000101
1111011011001110
1111010110000010
1111001111010101
1111000111010111
1110111110111011
1110110111001100
1110110001011101
1110101110110010
1110101111101110
1110110011111001
1110111010001110
1111000001001000
1111000111000111
1111001011000111
1111001100111011
1111001101011000
1111001101111001
1111010000000100
1111010101001000
1111011101100101
1111101001000000
1111110110010000
0000000011111010
0000010000101110
0000011011111001
0000100101001110
0000101101000110
0000110100001100
0000111011000101
0001000010000010
0001001000111101
0001001111010100
0001010100010110
0001010111011110
0001011000011101
0001010111011111
0001010101001111
0001010010101000
0001010000100010
0001001111011010
0001001111001000
0001001111000101
0001001110010010
0001001011101100
0001000110101000
0000111111000010
0000110101011010
0000101010110000
0000100000010111
0000010111011001
0000010000101011
0000001100011111
0000001010100101
0000001010001100
0000001010010011
0000001001111101
0000001000100001
0000000101110100
0000000010001001
1111111110010000
1111111011000011
1111111001010000
1111111001010001
1111111011000010
1111111110000011
0000000001100001
0000000100101011
0000000111000000
0000001000010001
0000001000100011
0000001000001100
0000000111100010
0000000110101101
0000000101101000
0000000011111100
0000000001001010
1111111100101111
1111110110011100
1111101110011101
1111100101011011
1111011100011011
1111010100101011
1111001111001110
1111001100011111
1111001100001110
1111001101011011
1111001110101111
1111001110110001
1111001100101010
1111001000011101
1111000011000011
1110111101111010
1110111010101111
1110111010110101
1110111110101101
1111000110000001
1111001111110101
1111011010111000
1111100110000000
1111110000100011
1111111010011101
0000000100000110
0000001110000000
0000011000101011
0000100100001110
0000110000010000
0000111011111100
0001000110010011
0001001110011110
0001010011110111
0001010110100001
0001010110111111
0001010110000011
0001010100100001
0001010010111101
0001010001011001
0001001111011010
0001001100001111
0001000111001101
0000111111111011
0000110110011110
0000101011100100
0000100000010010
0000010101111001
0000001101011101
0000000111101011
0000000100101011
0000000011111100
0000000100100001
0000000101001111
0000000101000001
0000000011001000
1111111111011011
1111111010010110
1111110100110010
1111101111101110
1111101100000101
1111101010010101
1111101010011100
1111101011110111
1111101101110011
1111101111011110
1111110000001101
1111101111110001
1111101110010010
1111101100000110
1111101001100010
1111100110111000
1111100100001001
1111100000111111
1111011100111011
1111010111011101
1111010000010101
1111000111101001
1110111110000011
1110110100101010
1110101100101100
1110100111001101
1110100100101101
1110100101000010
1110100111001011
1110101001110000
1110101011011011
1110101011010010
1110101001010010
1110100110001110
1110100011100111
1110100011000000
1110100101101000
1110101011111101
1110110101100111
1111000001100010
1111001110010100
1111011010110000
1111100110000100
1111110000000010
1111111000111011
0000000001010101
0000001001101111
0000010010010001
0000011010101011
0000100010010111
0000101000100011
0000101100100101
0000101110001110
0000101101110011
0000101011111111
0000101001110011
0000101000001000
0000100111100001
0000100111110111
0000101000100101
0000101000110011
0000100111100010
0000100100001001
0000011110100010
0000010111001100
0000001110111111
0000000110111111
0000000000010000
1111111011011100
1111111000101010
1111110111100001
1111110111010001
1111110110110101
1111110101010001
1111110010000001
1111101101000011
1111100110110110
1111100000010010
1111011010011100
1111010110001011
1111010011111111
1111010011111000
1111010101011010
1111010111110110
1111011010011100
1111011100101110
1111011110011101
1111011111101110
1111100000110000
1111100001110011
1111100010111011
1111100011111000
1111100100001100
1111100011001111
1111100000011101
1111011011100001
1111010100101011
1111001100101001
1111000100100111
1110111101110111
1110111001100011
1110111000001101
1110111001100011
1110111100101011
1111000000001101
1111000010110010
1111000011100101
1111000010101010
1111000000111011
1110111111110101
1111000000111111
1111000101100110
1111001110000111
1111011010000001
1111101000010000
1111110111011100
0000000110011001
0000010100010110
0000100001001110
0000101101011100
0000111001100111
0001000110001111
0001010011100000
0001100001000101
0001101110001011
0001111001110100
0010000011001011
0010001001110011
0010001101101111
0010001111100100
0010010000001100
0010010000011001
0010010000101001
0010010000111011
0010010000101100
0010001111000100
0010001011001011
0010000100100011
0001111011001101
0001101111101010
0001100010111101
0001010110010110
0001001010111010
0001000001010111
0000111001111110
0000110100011010
0000101111110110
0000101011010101
0000100110000001
0000011111011000
0000010111011011
0000001110101111
0000000110001111
1111111110111100
1111111001101000
1111110110101110
1111110110000100
1111110111000000
1111111000101011
1111111010010010
1111111011001110
1111111011010001
1111111010100010
1111111001011001
1111111000000111
1111110110110111
1111110101100011
1111110011110101
1111110001000111
1111101100111011
1111100111000101
1111011111110101
1111010111111101
1111010000101011
1111001011010101
1111001001000000
1111001010001000
1111001110011100
1111010100111011
1111011100000011
1111100010010101
1111100110110110
1111101001011011
1111101010101111
1111101100000110
1111101110111101
1111110100010101
1111111100100011
0000000111001111
0000010011010100
0000011111100000
0000101010101011
0000110100010001
0000111100010001
0001000011001010
0001001001101010
0001010000011101
0001010111110011
0001011111011101
0001100110110110
0001101101001001
0001110001100111
0001110011111000
0001110100001000
0001110010111011
0001110001000100
0001101111010011
0001101110000011
0001101101001010
0001101011111111
0001101001101101
0001100101100010
0001011110111111
0001010110001001
0001001011101101
0001000000101110
0000110110011010
0000101101111000
0000100111110110
0000100100011101
0000100011010000
0000100011010111
0000100011101100
0000100011001011
0000100001001001
0000011101011110
0000011000100100
0000010011001100
0000001110010010
0000001010101110
0000001000111010
0000001000110011
0000001001111101
0000001011101111
0000001101011011
0000001110100001
0000001110110111
0000001110100001
0000001101101110
0000001100101011
0000001011011111
0000001001111100
0000000111100100
0000000011110100
1111111110001100
1111110110011010
1111101100101101
1111100001111000
1111010111000111
1111001101101101
1111000110110001
1111000010110110
1111000001101100
1111000010010100
1111000011010101
1111000011010111
1111000001100000
1110111101101010
1110111000100111
1110110011110001
1110110000101000
1110110000011000
1110110011100010
1110111001110101
1111000010010111
1111001011111111
1111010101101111
1111011111000010
1111100111110101
1111110000100110
1111111001111001
0000000100000111
0000001111010011
0000011010111100
0000100110001000
0000101111101111
0000110110110100
0000111010111011
0000111100000110
0000111010111101
0000111000011110
0000110101100101
0000110010110111
0000110000011010
0000101101110101
0000101010011100
0000100101100000
0000011110100111
0000010101110110
0000001011110000
0000000001010011
1111110111101010
1111101111110111
1111101010100011
1111100111111000
1111100111011000
1111101000001010
1111101001000001
1111101000111010
1111100111001010
1111100011100100
1111011110100001
1111011000110101
1111010011100001
1111001111010111
1111001100110101
1111001011111100
1111001100001111
1111001101000000
1111001101100101
1111001101100001
1111001100101001
1111001011000001
1111001001000000
1111000110110110
1111000100101001
1111000010010001
1110111111010011
1110111011001010
1110110101010101
1110101101100101
1110100100001100
1110011001111100
1110010000000000
1110000111101111
1110000010010001
1110000000000100
1110000000111000
1110000011101111
1110000111001111
1110001001111111
1110001011001001
1110001010101001
1110001001010000
1110001000010010
1110001001001101
1110001101000100
1110010100001101
1110011110001000
1110101001110101
1110110101111111
1111000001011001
1111001011011001
1111010011111100
1111011011011100
1111100010100100
1111101001111110
1111110001111100
1111111010010000
0000000010010101
0000001001011011
0000001110110111
0000010010010100
0000010011111110
0000010100011111
0000010100101101
0000010101010110
0000010110110101
0000011001000010
0000011011010100
0000011100110101
0000011100110001
0000011010101000
0000010110011001
0000010000100011
0000001010000110
0000000100000110
1111111111100010
1111111101000100
1111111100110101
1111111110010011
0000000000100010
0000000010011101
0000000011000000
0000000001100011
1111111110000010
1111111001000000
1111110011011011
1111101110011001
1111101010111010
1111101001100010
1111101010010001
1111101100101010
1111110000000001
1111110011100110
1111110110110111
1111111001100101
1111111011110100
1111111101110001
1111111111100110
0000000001011000
0000000010110111
0000000011100001
0000000010101101
1111111111111000
1111111010110010
1111110011101001
1111101011010001
1111100010111010
1111011011111010
1111010111010110
1111010101110010
1111010110111111
1111011001111110
1111011101010110
1111011111110101
1111100000100110
1111011111100111
1111011101101101
1111011100010101
1111011100111101
1111100000101100
1111100111111111
1111110010100010
1111111111010100
0000001101000100
0000011010101111
0000100111101000
0000110011100100
0000111110111011
0001001010010000
0001010101111111
0001100010001111
0001101110101001
0001111010011111
0010000100111000
0010001101000011
0010010010101100
0010010110000010
0010010111101100
0010011000100011
0010011001011000
0010011010100001
0010011011110001
0010011100011011
0010011011100110
0010011000010111
0010010010001100
0010001001001100
0001111101111110
0001110001100101
0001100101010011
0001011010010011
0001010001011000
0001001010101011
0001000101110111
0001000010001000
0000111110011010
0000111001110001
0000110011101100
0000101100001000
0000100011100101
0000011010111010
0000010011001001
0000001101000110
0000001001001000
0000000111001100
0000000110110101
0000000111010101
0000000111111101
0000001000001110
0000000111111010
0000000111000000
0000000101101010
0000000100000111
0000000010010111
0000000000001111
1111111101010101
1111111001001100
1111110011011001
1111101011110100
1111100010110110
1111011001010111
1111010000100100
1111001001110001
1111000110000101
1111000101111101
1111001001000010
1111001110010101
1111010100011010
1111011001110100
1111011101100011
1111011111011100
1111100000000110
1111100000100110
1111100010001100
1111100101110111
1111101011111001
1111110011111010
1111111101000001
0000000110001010
0000001110011101
0000010101011101
0000011011010101
0000100000101100
0000100110010001
0000101100101000
0000110011111111
0000111100000010
0001000011111101
0001001010110101
0001001111111000
0001010010101011
0001010011010011
0001010010011000
0001010000110000
0001001111000111
0001001101110101
0001001100110111
0001001011101010
0001001001011101
0001000101100011
0000111111101000
0000110111110010
0000101110100110
0000100101000100
0000011100010100
0000010101010011
0000010000101000
0000001110011001
0000001110000111
0000001110110110
0000001111100010
0000001111001101
0000001101010000
0000001001100110
0000000100101110
1111111111100001
1111111010111101
1111110111110101
1111110110101001
1111110111010110
1111111001011110
1111111100010110
1111111111010011
0000000001110100
0000000011100111
0000000100101011
0000000101001101
0000000101010100
0000000101000011
0000000100001111
0000000010011111
1111111111010000
1111111010000111
1111110010111100
1111101010000001
1111100000001010
1111010110100000
1111001110010110
1111001000101001
1111000101110000
1111000101010110
1111000110011000
1111000111011000
1111000111000001
1111000100100100
1111000000000010
1110111010010100
1110110100110111
1110110001010010
1110110000110010
1110110011110111
1110111010010011
1111000011010000
1111001101100001
1111011000000010
1111100010001110
1111101011111001
1111110101010111
1111111111001010
0000001001101011
0000010100111011
0000100000011110
0000101011100001
0000110101000110
0000111100011000
0001000000111110
0001000011000100
0001000011010011
0001000010100000
0001000001100001
0001000000110010
0001000000001111
0000111111011000
0000111101100000
0000111001111101
0000110100010111
0000101100110010
0000100011110111
0000011010100011
0000010001111010
0000001010111101
0000000110010110
0000000100001001
0000000011110110
0000000100100111
0000000101010101
0000000100111101
0000000010110110
1111111110111011
1111111001100110
1111110011101101
1111101110010000
1111101010000101
1111100111101001
1111100110111010
1111100111011110
1111101000101100
1111101001111001
1111101010100101
1111101010100101
1111101001111100
1111101000110100
1111100111011100
1111100101111000
1111100011111010
1111100001000111
1111011100111110
1111010111000001
1111001111000101
1111000101011100
1110111010111110
1110110000110101
1110101000010011
1110100010011110
1110011111110110
1110100000001100
1110100010100001
1110100101100011
1110100111111110
1110101000111010
1110101000010001
1110100110110000
1110100101100001
1110100101110100
1110101000100111
1110101110010001
1110110110011000
1110111111111111
1111001001111111
1111010011011010
1111011011101101
1111100010110111
1111101001011011
1111110000000100
1111110111010110
1111111111011101
0000001000000111
0000010000100110
0000010111111111
0000011101100100
0000100000111111
0000100010011100
0000100010100101
0000100010010100
0000100010011010
0000100011001110
0000100100101001
0000100110001000
0000100110110110
0000100101111101
0000100011000000
0000011101111110
0000010111010100
0000001111111001
0000001000110010
0000000010111011
1111111110111001
1111111100110010
1111111100001100
1111111100001110
1111111011110111
1111111010001110
1111110110110101
1111110001101010
1111101011010001
1111100100100101
1111011110101001
1111011010010010
1111010111111010
1111010111100011
1111011000110000
1111011010110101
1111011101001011
1111011111010011
1111100000111110
1111100010001101
1111100011001101
1111100100000110
1111100100110111
1111100101010000
1111100100110011
1111100010110110
1111011110111000
1111011000101011
1111010000100011
1111000111010001
1110111110000001
1110110110001010
1110110000110000
1110101110010001
1110101110011110
1110110000011110
1110110010111110
1110110100101110
1110110101000010
1110110011111110
1110110010010100
1110110001010110
1110110010011100
1110110110101000
1110111110001010
1111001000101011
1111010101001101
1111100010100010
1111101111100100
1111111011101111
0000000110111111
0000010001101111
0000011100100111
0000101000001010
0000110100100011
0001000001011010
0001001101111111
0001011001010111
0001100010110000
0001101001101100
0001101110010111
0001110001010111
0001110011011101
0001110101010011
0001110111001111
0001111001000100
0001111010001010
0001111001101011
0001110110111001
0001110001010111
0001101001001000
0001011110110001
0001010011010011
0001000111110111
0000111101011111
0000110100111101
0000101110011101
0000101001101010
0000100101110101
0000100010000100
0000011101100000
0000010111101000
0000010000011110
0000001000100010
0000000000101000
1111111001101010
1111110100010111
1111110001000100
1111101111101001
1111101111100110
1111110000010011
1111110001000101
1111110001011101
1111110001010000
1111110000100100
1111101111100100
1111101110011101
1111101101010100
1111101100000001
1111101010001000
1111100111001010
1111100010110000
1111011100110100
1111010101101011
1111001110001011
1111000111100100
1111000011000011
1111000001101000
1111000011101010
1111001000110010
1111001111110101
1111010111010110
1111011101111011
1111100010101001
1111100101010011
1111100110100100
1111100111100110
1111101001101010
1111101101101111
1111110100001110
1111111100110110
0000000110101111
0000010000111001
0000011010011011
0000100010111010
0000101010011001
0000110001011001
0000111000101001
0001000000101011
0001001001100110
0001010011000100
0001011100010011
0001100100010101
0001101010010111
0001101110000100
0001101111101000
0001101111101100
0001101111000110
0001101110101001
0001101110101011
0001101111000010
0001101111001001
0001101110001111
0001101011100010
0001100110100110
0001011111100000
0001010110110110
0001001101100001
0001000100101011
0000111101010111
0000111000001101
0000110101010100
0000110100010001
0000110100010000
0000110100001011
0000110011000111
0000110000100010
0000101100011000
0000100111001000
0000100001101000
0000011100111000
0000011001100110
0000011000001001
0000011000011100
0000011001111111
0000011100000110
0000011110000010
0000011111010110
0000011111110111
0000011111101000
0000011110111011
0000011110000110
0000011101010000
0000011100010001
0000011010101111
0000011000000110
0000010011110000
0000001101011001
0000000101001010
1111111011101110
1111110010000100
1111101001011000
1111100010101011
1111011110011000
1111011100001101
1111011011010011
1111011010011011
1111011000011001
1111010100100100
1111001111000011
1111001000110000
1111000010111111
1110111111010000
1110111110101100
1111000001110000
1111001000001000
1111010000111010
1111011010111101
1111100101001001
1111101110110000
1111110111101011
0000000000010000
0000001000111111
0000010010010101
0000011100011100
0000100110111010
0000110000111010
0000111001100010
0000111111111111
0001000011110111
0001000101010110
0001000101000101
0001000011111101
0001000010101100
0001000001101101
0001000000111110
0000111111111100
0000111101110111
0000111010000001
0000110100000010
0000101011111010
0000100010001010
0000010111110000
0000001101110111
0000000101011110
1111111111010010
1111111011011101
1111111001100111
1111111000110111
1111111000001011
1111110110100110
1111110011011101
1111101110100111
1111101000100011
1111100010000010
1111011011111110
1111010111001001
1111010100000000
1111010010100001
1111010010010100
1111010010110011
1111010011010111
1111010011100010
1111010011000010
1111010001111010
1111010000010101
1111001110011100
1111001100010100
1111001001110100
1111000110100010
1111000001111100
1110111011100101
1110110011010101
1110101001011110
1110011110101111
1110010100010110
1110001011100101
1110000101011011
1110000010010110
1110000010001000
1110000011110011
1110000110000100
1110000111101000
1110000111110000
1110000110010110
1110000100000011
1110000010000011
1110000001101100
1110000011111011
1110001001001001
1110010001000100
1110011010110110
1110100101010101
1110101111100010
1110111000110111
1111000001010000
1111001001000110
1111010001000100
1111011001101101
1111100011001110
1111101101010010
1111110111001111
0000000000001110
0000000111011101
0000001100101001
0000001111111111
0000010010001000
0000010011110111
0000010101111001
0000011000100110
0000011011101111
0000011110101101
0000100000101011
0000100000110110
0000011110101010
0000011010000101
0000010011101000
0000001100001100
0000000100110110
1111111110101001
1111111010010010
1111110111111100
1111110111010000
1111110111100000
1111110111101111
1111110111000011
1111110100111100
1111110001011010
1111101100111010
1111101000001111
1111100100010110
1111100001111101
1111100001011100
1111100010101111
1111100101011101
1111101001000000
1111101100101101
1111110000001000
1111110011000011
1111110101011111
1111110111100011
1111111001011011
1111111011000111
1111111100010110
1111111100100110
1111111011010010
1111110111110110
1111110001111111
1111101001111010
1111100000011001
1111010110100111
1111001101110111
1111000111010111
1111000011101101
1111000010110010
1111000011110101
1111000101101100
1111000111001111
1111000111101101
1111000111000011
1111000101111100
1111000101011111
1111000110111100
1111001011010000
1111010010110101
1111011101010100
1111101001110100
1111110111010010
0000000100101011
0000010001010111
0000011101010001
0000101000110001
0000110100011101
0001000000110001
0001001101110111
0001011011011011
0001101000101101
0001110100110010
0001111110111011
0010000110110100
0010001100100010
0010010000101000
0010010011110110
0010010110101111
0010011001011101
0010011011110000
0010011100111111
0010011100010011
0010011000111010
0010010010011101
0010001001000100
0001111101010101
0001110000010110
0001100011011000
0001010111100110
0001001101110011
0001000110010001
0001000000110100
0000111100101011
0000111000111011
0000110100101100
0000101111011010
0000101000111101
0000100001101101
0000011010011011
0000010011111001
0000001110110001
0000001011010111
0000001001100111
0000001001000011
0000001001000011
0000001000111111
0000001000011001
0000000111000011
0000000100111110
0000000010011110
1111111111110001
1111111101000001
1111111010001010
1111110110111011
1111110010110101
1111101101011101
1111100110101010
1111011110101101
1111010110010000
1111001110011000
1111001000010001
1111000100110100
1111000100010111
1111000110100100
1111001010011100
1111001110101000
1111010001110100
1111010011010000
1111010010111000
1111010001010110
1111001111110101
1111001111101110
1111010010000011
1111010111001111
1111011111000011
1111101000101101
1111110011000101
1111111101001100
0000000110011100
0000001110101111
0000010110011100
0000011110000101
0000100110001110
0000101110111111
0000111000000010
0001000000101100
0001001000001000
0001001101101011
0001010001000001
0001010010011101
0001010010101010
0001010010011000
0001010010010000
0001010010100111
0001010011001100
0001010011010101
0001010010001101
0001001111000011
0001001001011010
0001000001010001
0000110111001110
0000101100010001
0000100001100011
0000011000001010
0000010000111010
0000001100000100
0000001001010101
0000001000000000
0000000111001011
0000000101111001
0000000011100100
0000000000000011
1111111011101100
1111110111001000
1111110011001000
1111110000010111
1111101111001000
1111101111011000
1111110000101111
1111110010101101
1111110100101101
1111110110010101
1111110111011111
1111111000010010
1111111000111101
1111111001101011
1111111010100000
1111111011001010
1111111011000111
1111111001100111
1111110110000100
1111110000000110
1111100111110100
1111011101111000
1111010011011100
1111001001101111
1111000001110011
1110111100001111
1110111000111001
1110110110111101
1110110101010100
1110110010111101
1110101111010000
1110101010010001
1110100100110101
1110100000001110
1110011101110010
1110011110100000
1110100010110110
1110101010011110
1110110100011011
1110111111100011
1111001010110001
1111010101011000
1111011111001101
1111101000100101
1111110010000101
1111111100001011
0000000110111110
0000010010001100
0000011101000110
0000100110110010
0000101110100101
0000110100001100
0000110111110101
0000111010000100
0000111011101011
0000111101010101
0000111111001111
0001000001001100
0001000010100110
0001000010101010
0001000000100111
0000111100000010
0000110101000001
0000101100001001
0000100010011000
0000011000111001
0000010000110011
0000001010110011
0000000111000101
0000000101010101
0000000100110010
0000000100011010
0000000011010010
0000000000110110
1111111101000001
1111111000001001
1111110010111111
1111101110011001
1111101011000010
1111101001001111
1111101000111101
1111101001110100
1111101011001100
1111101100011101
1111101101001100
1111101101001110
1111101100100100
1111101011011111
1111101010010010
1111101001000001
1111100111100010
1111100101011101
1111100010001110
1111011101010011
1111010110011010
1111001101110011
1111000100001011
1110111010101000
1110110010011000
1110101100011110
1110101001010101
1110101000101001
1110101001100011
1110101010110100
1110101011001111
1110101010001000
1110100111100011
1110100100001100
1110100001001111
1110100000000010
1110100001100110
1110100110010010
1110101101101111
1110110111000101
1111000001001100
1111001010111110
1111010011110011
1111011011100111
1111100010110100
1111101010000010
1111110001111000
1111111010100110
0000000011111100
0000001101010010
0000010101110101
0000011100111110
0000100010011010
0000100110010100
0000101001010101
0000101100001001
0000101111010000
0000110010110101
0000110110100101
0000111001110010
0000111011011111
0000111010111010
0000110111100011
0000110001011001
0000101001000000
0000011111011001
0000010101110010
0000001101010001
0000000110101011
0000000010010100
1111111111111010
1111111110101110
1111111101110011
1111111100001111
1111111001011100
1111110101010000
1111110000001000
1111101010110100
1111100110001000
1111100010110101
1111100001010110
1111100001101110
1111100011100101
1111100110011010
1111101001100110
1111101100101010
1111101111010111
1111110001101100
1111110011110001
1111110101101100
1111110111011010
1111111000101011
1111111000111100
1111110111100011
1111110011111110
1111101110000000
1111100101110110
1111011100010011
1111010010100101
1111001001111111
1111000011100011
1110111111110011
1110111110100010
1110111110111101
1110111111110110
1111000000001010
1110111111010010
1110111101001110
1110111010101100
1110111000111001
1110111001000101
1110111100001100
1111000010100011
1111001011111000
1111010111010001
1111100011100101
1111101111110101
1111111011011100
0000000110010101
0000010000110111
0000011011101101
0000100111011001
0000110100000001
0001000001010001
0001001110011011
0001011010100101
0001100100111011
0001101101001010
0001110011011010
0001111000001011
0001111100000110
0001111111101101
0010000011001100
0010000110001100
0010001000000100
0010000111111101
0010000101000110
0001111111000001
0001110101110101
0001101010001110
0001011101001110
0001010000001000
0001000100001101
0000111010010101
0000110010110111
0000101101100101
0000101001110011
0000100110100110
0000100011000000
0000011110011011
0000011000101101
0000010010001000
0000001011010100
0000000101000010
1111111111111100
1111111100010010
1111111010000010
1111111000110111
1111111000001101
1111110111100000
1111110110011010
1111110100110110
1111110011000000
1111110001001010
1111101111101011
1111101110101101
1111101110000110
1111101101011010
1111101100000101
1111101001100010
1111100101011011
1111011111111010
1111011001101010
1111010011101010
1111001111000001
1111001100101010
1111001100111011
1111001111011110
1111010011010111
1111010111011011
1111011010011111
1111011011111001
1111011011101011
1111011010100101
1111011001110000
1111011010011101
1111011101101100
1111100011110111
1111101100101000
1111110111001000
0000000010010001
0000001101000000
0000010110101010
0000011111000111
0000100110101110
0000101110000101
0000110101101110
0000111101111000
0001000110011001
0001001110101010
0001010101111110
0001011011110010
0001011111111010
0001100010100010
0001100100001111
0001100101101101
0001100111011001
0001101001011001
0001101011011001
0001101100101111
0001101100100000
0001101001111100
0001100100101010
0001011100110000
0001010010110111
0001001000000001
0000111101100010
0000110100100000
0000101101101111
0000101001100001
0000100111100010
0000100110111111
0000100110110100
0000100110000011
0000100011111111
0000100000011011
0000011011101001
0000010110010110
0000010001010111
0000001101010111
0000001010110101
0000001001111001
0000001010010001
0000001011011101
0000001101000000
0000001110011111
0000001111101100
0000010000101011
0000010001100100
0000010010100000
0000010011011010
0000010011111111
0000010011101110
0000010001111000
0000001101110101
0000000111010110
1111111110100101
1111110100010000
1111101001100000
1111011111100110
1111010111100010
1111010001110010
1111001110001001
1111001011111001
1111001001111000
1111000111000111
1111000011000011
1110111101110011
1110111000000101
1110110011000101
1110110000000101
1110110000000010
1110110011010010
1110111001100001
1111000001111001
1111001011010010
1111010100101001
1111011101010110
1111100101010011
1111101100110001
1111110100010101
1111111100011110
0000000101010110
0000001110101001
0000010111110000
0000011111111010
0000100110011111
0000101011010000
0000101110011100
0000110000100110
0000110010010111
0000110100001111
0000110110011000
0000111000100000
0000111001111011
0000111001110100
0000110111011100
0000110010011000
0000101010101101
0000100001000010
0000010110011011
0000001100000011
0000000011000010
1111111100001101
1111110111110110
1111110101100110
1111110100101101
1111110100001100
1111110011000011
1111110000100111
1111101100101110
1111100111101010
1111100010000010
1111011100100111
1111011000000011
1111010100110000
1111010010101011
1111010001100010
1111010000111001
1111010000001100
1111001111000110
1111001101100001
1111001011100111
1111001001100111
1111000111110000
1111000110001000
1111000100100011
1111000010100010
1110111111011100
1110111010110010
1110110100010000
1110101100000001
1110100010110110
1110011001110001
1110010001111101
1110001100010001
1110001001001001
1110001000010001
1110001000110011
1110001001100110
1110001001101010
1110001000011001
1110000101110100
1110000010101001
1110000000000001
1101111111000101
1110000000101100
1110000101001101
1110001100010011
1110010101000110
1110011110100010
1110100111101011
1110101111111101
1110110111010101
1110111110010000
1111000101011001
1111001101010010
1111010110001000
1111011111110000
1111101001100001
1111110010101010
1111111010100110
0000000001001000
0000000110011011
0000001010111110
0000001111010110
0000010100000000
0000011000111111
0000011101111011
0000100010000110
0000100100101011
0000100100110110
0000100010001111
0000011100111110
0000010101101010
0000001101010000
0000000100111110
1111111101111010
1111111000110010
1111110101110010
1111110100101000
1111110100100001
1111110100100000
1111110011101110
1111110001101010
1111101110010001
1111101001111101
1111100101011110
1111100001101001
1111011111001000
1111011110010000
1111011111000011
1111100001001100
1111100100000101
1111100111001101
1111101010001011
1111101100110100
1111101111000111
1111110001001111
1111110011010100
1111110101001111
1111110110101011
1111110111001001
1111110110000000
1111110010101110
1111101101001000
1111100101100101
1111011100111001
1111010100010001
1111001100111100
1111000111111000
1111000101011110
1111000101011001
1111000110110011
1111001000100110
1111001001101101
1111001001100100
1111001000010000
1111000110011111
1111000101010111
1111000110000110
1111001001100111
1111010000001111
1111011001101101
1111100101001110
1111110001110000
1111111110010110
0000001010011001
0000010101110110
0000100001000011
0000101100100010
0000111000110001
0001000101111000
0001010011100010
0001100000111110
0001101101011100
0001111000010000
0010000001000100
0010001000000010
0010001101100110
0010010010010111
0010010110101100
0010011010101110
0010011110000111
0010100000001100
0010100000000111
0010011101001101
0010010111001000
0010001110000010
0010000010101000
0001110110000101
0001101001101100
0001011110101000
0001010101110000
0001001111011001
0001001011001101
0001001000011000
0001000101111001
0001000010110100
0000111110011011
0000111000100010
0000110001011110
0000101001110100
0000100010010010
0000011011100000
0000010101111001
0000010001011101
0000001101111101
0000001011000000
0000001000010001
0000000101011110
0000000010101000
1111111111111110
1111111101110001
1111111100001100
1111111011010001
1111111010101101
1111111001111100
1111111000010001
1111110101000110
1111110000001010
1111101001101010
1111100010010011
1111011011001101
1111010101100000
1111010010000011
1111010001001011
1111010010100101
1111010101011000
1111011000011010
1111011010101001
1111011011100001
1111011011000010
1111011001110111
1111011001000101
1111011001110100
1111011100110110
1111100010011100
1111101010010011
1111110011100011
1111111101000110
0000000110000011
0000001101111001
0000010100100101
0000011010100110
0000100000101001
0000100111010011
0000101110110000
0000110110110011
0000111110111000
0001000110001101
0001001100001100
0001010000100110
0001010011101000
0001010101110010
0001010111101000
0001011001101010
0001011100000001
0001011110010101
0001011111111101
0001100000000011
0001011101111000
0001011000111111
0001010001100001
0001001000000101
0000111101101100
0000110011100100
0000101010110110
0000100100010100
0000100000001010
0000011110000100
0000011101001111
0000011100100110
0000011011001101
0000011000011100
0000010100001101
0000001110110111
0000001001000100
0000000011101101
1111111111011111
1111111100110101
1111111011110010
1111111100000101
1111111101001111
1111111110101101
0000000000000111
0000000001010011
0000000010010001
0000000011001001
0000000100000001
0000000100110100
0000000101001011
0000000100100000
0000000010001011
1111111101101001
1111110110101010
1111101101100110
1111100011010010
1111011000111000
1111001111100101
1111001000010110
1111000011100011
1111000000111001
1110111111100010
1110111110011100
1110111100100111
1110111001100000
1110110101001110
1110110000011111
1110101100011001
1110101010000101
1110101010011110
1110101101111000
1110110011111111
1110111011111110
1111000100110100
1111001101100011
1111010101100101
1111011100111001
1111100011111001
1111101011001011
1111110011001101
1111111100001100
0000000101110101
0000001111011100
0000011000010001
0000011111101110
0000100101100010
0000101001111000
0000101101010000
0000110000010101
0000110011100010
0000110110111111
0000111010011010
0000111101000111
0000111110001110
0000111100111101
0000111000111101
0000110010010001
0000101001100011
0000011111110111
0000010110100000
0000001110101001
0000001001000011
0000000101111111
0000000101000101
0000000101011011
0000000101111001
0000000101100010
0000000011101010
0000000000000011
1111111011000010
1111110101010011
1111101111100100
1111101010100001
1111100110100100
1111100011110010
1111100001111001
1111100000100001
1111011111010100
1111011110000010
1111011100101010
1111011011010111
1111011010011000
1111011001110111
1111011001101011
1111011001011111
1111011000101101
1111010110100100
1111010010011111
1111001100010010
1111000100010010
1110111011010001
1110110010011100
1110101011000011
1110100101111110
1110100011100000
1110100011010101
1110100100100110
1110100110000101
1110100110101110
1110100101111011
1110100011101100
1110100000100111
1110011101101111
1110011100001101
1110011100111001
1110100000000110
1110100101100111
1110101100101101
1110110100011011
1110111011111010
1111000010110001
1111001001000001
1111001111001000
1111010101101110
1111011101010110
1111100110001001
1111101111101111
1111111001100000
0000000010101011
0000001010100101
0000010001000001
0000010110001101
0000011010101100
0000011111000100
0000100011110101
0000101001000101
0000101110011110
0000110011001010
0000110110001111
0000110110111000
0000110100100000
0000101111001010
0000100111011011
0000011110010110
0000010101001010
0000001101000100
0000000110111011
0000000011000011
0000000001000110
0000000000010110
1111111111110110
1111111110101011
1111111100001111
1111111000011100
1111110011101010
1111101110011111
1111101001101111
1111100110000100
1111100011110111
1111100011000110
1111100011100000
1111100100101010
1111100110000011
1111100111010111
1111101000100000
1111101001100110
1111101010110000
1111101100000110
1111101101100101
1111101110110100
1111101111001001
1111101101111010
1111101010100001
1111100100110010
1111011101000001
1111010100000101
1111001011001101
1111000011100100
1110111110001000
1110111011010001
1110111010101100
1110111011100010
1110111100101110
1110111101010011
1110111100101101
1110111010111101
1110111000110000
1110110111001010
1110110111010000
1110111001111001
1110111111011100
1111000111101000
1111010001101001
1111011100100011
1111100111100000
1111110001111110
1111111011111011
0000000101110001
0000010000000111
0000011011010101
0000100111100010
0000110100010111
0001000001000110
0001001100111000
0001010111000100
0001011111011010
0001100110000000
0001101011010010
0001101111110111
0001110100001011
0001111000010101
0001111011111101
0001111110011100
0001111110111011
0001111100101100
0001110111011000
0001101111001010
0001100100110000
0001011001001110
0001001101111011
0001000100000100
0000111100011100
0000110111001111
0000110100001000
0000110010001110
0000110000011010
0000101101101100
0000101001011101
0000100011011110
0000011100000010
0000010011110010
0000001011100001
0000000011111001
1111111101010100
1111110111111100
1111110011100111
1111110000000001
1111101100111001
1111101010001000
1111100111110000
1111100101111110
1111100101000010
1111100101000101
1111100101111100
1111100111001000
1111100111111111
1111100111101101
1111100101100101
1111100001011010
1111011011100010
1111010100110010
1111001110010110
1111001001011101
1111000111000001
1111000111010011
1111001001111100
1111001110000100
1111010010011111
1111010110001001
1111011000011000
1111011001001100
1111011001001001
1111011001001010
1111011010010110
1111011101011110
1111100010110100
1111101010000101
1111110010100101
1111111011010110
0000000011100010
0000001010101111
0000010001000100
0000010110111111
0000011101001010
0000100100000110
0000101100000001
0000110100100101
0000111101000111
0001000100111011
0001001011011100
0001010000011001
0001010100000000
0001010110110110
0001011001100011
0001011100100011
0001100000000001
0001100011101000
0001100110101001
0001101000001011
0001100111011101
0001100011111111
0001011101110001
0001010101011001
0001001011111011
0001000010100011
0000111010011100
0000110100011001
0000110000101011
0000101110111011
0000101110010101
0000101101111000
0000101100101001
0000101010000010
0000100101111100
0000100000110001
0000011011001011
0000010101111100
0000010001110011
0000001111000111
0000001101111010
0000001101110111
0000001110100100
0000001111100100
0000010000100001
0000010001010111
0000010010010000
0000010011010110
0000010100101110
0000010110010010
0000010111100111
0000011000000000
0000010110101000
0000010010111100
0000001100101101
0000000100010000
1111111010011110
1111110000100111
1111100111111010
1111100001010010
1111011101000100
1111011010111110
1111011010001000
1111011001011101
1111010111111111
1111010101001100
1111010001001001
1111001100100000
1111001000010110
1111000101110000
1111000101100001
1111000111111111
1111001100111000
1111010011011000
1111011010100001
1111100001011100
1111100111101101
1111101101010110
1111110010110011
1111111000110001
1111111111101101
0000000111101101
0000010000011101
0000011001010011
0000100001011001
0000101000000111
0000101101001100
0000110000110111
0000110011100101
0000110110000001
0000111000101100
0000111011101111
0000111110110101
0001000001010010
0001000010010000
0001000000111011
0000111100110100
0000110110000000
0000101101001010
0000100011010010
0000011001101100
0000010001100110
0000001011110010
0000001000011011
0000000111000111
0000000110111110
0000000110110110
0000000101101101
0000000010111000
1111111110001101
1111111000000001
1111110000111100
1111101001110111
1111100011011101
1111011110001000
1111011001111111
1111010110110100
1111010100001111
1111010001111001
1111001111100110
1111001101011000
1111001011011010
1111001001111100
1111001001001000
1111001000111001
1111001000110000
1111001000000011
1111000110000001
1111000010000010
1110111011111011
1110110100000100
1110101011011001
1110100011000100
1110011100010010
1110010111111010
1110010110001001
1110010110100011
1110011000001001
1110011001101111
1110011010010010
1110011001001000
1110010110010111
1110010010101100
1110001111000111
1110001100110101
1110001100110000
1110001111010000
1110010100000100
1110011010011111
1110100001100111
1110101000100100
1110101110111000
1110110100100110
1110111010001110
1111000000010100
1111000111011011
1111001111101101
1111011000111001
1111100010010110
1111101011010111
1111110011011001
1111111010001101
1111111111111110
0000000101001100
0000001010011110
0000010000001100
0000010110011010
0000011100101111
0000100010011010
0000100110011010
0000100111111000
0000100110010010
0000100001100111
0000011010011001
0000010001101110
0000001000111010
0000000001001101
1111111011011110
1111111000000101
1111110110101111
1111110110101010
1111110110110111
1111110110011011
1111110100110000
1111110001101000
1111101101011010
1111101000101111
1111100100010110
1111100000110110
1111011110101010
1111011101110010
1111011101111100
1111011110101100
1111011111101101
1111100000101101
1111100001101100
1111100010110101
1111100100011010
1111100110100001
1111101001000010
1111101011011111
1111101101001100
1111101101010000
1111101011000011
1111100110011010
1111011111101101
1111010111110011
1111001111111111
1111001001100001
1111000101010011
1111000011100110
1111000100000111
1111000101111100
1111000111111100
1111001001001000
1111001001000000
1111000111100110
1111000101100011
1111000011111101
1111000011111100
1111000110011000
1111001011100110
1111010011011001
1111011101000011
1111100111100111
1111110010001110
1111111100011011
0000000110001111
0000001111111110
0000011010001110
0000100101010111
0000110001011001
0000111101111011
0001001010001111
0001010101100011
0001011111001101
0001100110111111
0001101101000110
0001110010000100
0001110110100010
0001111011000010
0001111111101101
0010000100010001
0010001000000000
0010001010000101
0010001001101011
0010000110010100
0010000000000000
0001110111010111
0001101101011110
0001100011100101
0001011010111010
0001010100010010
0001001111111011
0001001101011001
0001001011110110
0001001010001011
0001000111010101
0001000010101001
0000111011111111
0000110011101011
0000101010011011
0000100001000111
0000011000100001
0000010001000111
0000001011000010
0000000110001000
0000000010000110
1111111110100100
1111111011010101
1111111000011101
1111110110000111
1111110100100010
1111110011110111
1111110100000000
1111110100011111
1111110100101000
1111110011101000
1111110000111010
1111101100010001
1111100110000101
1111011111010000
1111011001000000
1111010100011101
1111010010011100
1111010011001100
1111010110001111
1111011010100011
1111011110111101
1111100010010111
1111100100000110
1111100100001000
1111100011000010
1111100001110101
1111100001100011
1111100011000100
1111100110110000
1111101100011010
1111110011010100
1111111010100110
0000000001011101
0000000111011110
0000001100101010
0000010001100010
0000010110101011
0000011100100001
0000100011001111
0000101010100011
0000110001110111
0000111000011101
0000111101110101
0001000001110110
0001000100101111
0001000111000100
0001001001100001
0001001100100101
0001010000010110
0001010100011101
0001011000001011
0001011010100000
0001011010100001
0001010111100111
0001010001110000
0001001001011011
0000111111101000
0000110101101101
0000101100111001
0000100110000011
0000100001100011
0000011111001000
0000011110000010
0000011101001111
0000011011110100
0000011001001001
0000010101000010
0000001111101110
0000001001111001
0000000100010001
1111111111100000
1111111011111111
1111111001110001
1111111000101001
1111111000001010
1111110111111111
1111110111111001
1111110111110101
1111110111111100
1111111000011110
1111111001100001
1111111010110111
1111111100000011
1111111100010100
1111111010110111
1111110111000011
1111110000101111
1111101000010111
1111011110110111
1111010101011111
1111001101100000
1111000111110011
1111000100100111
1111000011100011
1111000011110000
1111000100000011
1111000011011010
1111000001010010
1110111101101110
1110111001010100
1110110101000110
1110110010001101
1110110001100010
1110110011011011
1110110111101101
1110111101101111
1111000100100101
1111001011011010
1111010001110000
1111010111101010
1111011101011111
1111100011110001
1111101010111011
1111110011000001
1111111011101110
0000000100010111
0000001100001111
0000010010110010
0000010111110100
0000011011100100
0000011110101010
0000100001101111
0000100101010101
0000101001100111
0000101110010010
0000110010100111
0000110101101001
0000110110100011
0000110100101110
0000110000000101
0000101001001011
0000100001000010
0000011000111010
0000010010000000
0000001101001010
0000001010101100
0000001010001011
0000001010110001
0000001011011101
0000001011001100
0000001001010011
0000000101100110
0000000000011000
1111111010010011
1111110100000110
1111101110011101
1111101001110011
1111100110001001
1111100011010011
1111100000111010
1111011110101010
1111011100010101
1111011010000010
1111011000000010
1111010110101011
1111010110000111
1111010110010101
1111010110111001
1111010111000011
1111010101111110
1111010011000011
1111001110000100
1111000111010110
1110111111110001
1110111000100001
1110110010101101
1110101111000111
1110101101111100
1110101110110011
1110110000101100
1110110010100000
1110110011001111
1110110010010100
1110101111110010
1110101100001110
1110101000101011
1110100110001110
1110100101101110
1110100111100110
1110101011101001
1110110001001111
1110110111011110
1110111101101001
1111000011010101
1111001000100100
1111001101110010
1111010011100110
1111011010011101
1111100010011011
1111101011010001
1111110100011010
1111111101000110
0000000100110011
0000001011010101
0000010000111001
0000010101111101
0000011011000110
0000100000110001
0000100111000001
0000101101011010
0000110011001100
0000110111010111
0000111000111110
0000110111011101
0000110010110010
0000101011100010
0000100010110010
0000011001111000
0000010010001011
0000001100100101
0000001001011100
0000001000100000
0000001001000001
0000001001111010
0000001010001101
0000001001010000
0000000110110010
0000000011000011
1111111110100101
1111111010001001
1111110110010101
1111110011011110
1111110001101001
1111110000101010
1111110000001000
1111101111101111
1111101111010111
1111101111000010
1111101110111111
1111101111011111
1111110000101101
1111110010100001
1111110100010111
1111110101100001
1111110101001000
1111110010100011
1111101101100100
1111100110100110
1111011110100011
1111010110100110
1111001111111101
1111001011011111
1111001001011101
1111001001011101
1111001010101011
1111001100000010
1111001100100110
1111001011110011
1111001001101110
1111000111000001
1111000100101011
1111000011110001
1111000101001101
1111001001011001
1111010000000111
1111011000101101
1111100010010011
1111101100000100
1111110101100000
1111111110100111
0000000111101100
0000010001001001
0000011011010010
0000100110001000
0000110001010010
0000111100000010
0001000101101001
0001001101101000
0001010011110010
0001011000011001
0001011100000101
0001011111100110
0001100011011110
0001100111111011
0001101100101101
0001110001001001
0001110100010000
0001110101001010
0001110011010000
0001101110011000
0001100110111110
0001011110000001
0001010100110000
0001001100010110
0001000101101001
0001000000111101
0000111101111111
0000111011111111
0000111001111100
0000110110111111
0000110010011111
0000101100010000
0000100100101010
0000011100010100
0000010011111110
0000001100010000
0000000101100101
0000000000000001
1111111011010111
1111110111010001
1111110011100000
1111101111111011
1111101100100111
1111101001111010
1111101000001010
1111100111100011
1111100111111100
1111101000111010
1111101001101101
1111101001011011
1111100111011101
1111100011101000
1111011110010100
1111011000010101
1111010010111001
1111001111001000
1111001101110001
1111001110111101
1111010010010011
1111010110110101
1111011011011010
1111011110111111
1111100001000010
1111100001011101
1111100000110011
1111011111111111
1111100000000011
1111100001110001
1111100101100000
1111101011000110
1111110001111010
1111111001000101
1111111111111000
0000000101111100
0000001011010011
0000010000010101
0000010101100111
0000011011100101
0000100010010101
0000101001100101
0000110000110110
0000110111011101
0000111100111010
0001000001000110
0001000100010011
0001000111000110
0001001010000110
0001001101110110
0001010010011111
0001010111101000
0001011100011111
0001100000000101
0001100001011010
0001011111110000
0001011011000000
0001010011101001
0001001010101110
0001000001011111
0000111001010001
0000110011000001
0000101111000101
0000101101001110
0000101100101111
0000101100101010
0000101100000001
0000101010001101
0000100111000011
0000100010110101
0000011110000110
0000011001100010
0000010101110001
0000010011000100
0000010001011000
0000010000011110
0000001111111011
0000001111010101
0000001110100011
0000001101101010
0000001100111101
0000001100101111
0000001101001101
0000001110010001
0000001111011011
0000001111110111
0000001110110000
0000001011011111
0000000101110110
1111111110001111
1111110101100110
1111101101000111
1111100101111100
1111100000111001
1111011110001101
1111011101011100
1111011101101101
1111011101111101
1111011101001110
1111011010111100
1111010111001001
1111010010011101
1111001101110101
1111001010010101
1111001000110011
1111001001101011
1111001100110010
1111010001011111
1111010110111101
1111011100011111
1111100001100110
1111100110010010
1111101010111011
1111101111111110
1111110101101111
1111111100010100
0000000011011000
0000001010010110
0000010000100100
0000010101100100
0000011001010001
0000011011111011
0000011110001010
0000100000101100
0000100100000100
0000101000011011
0000101101011101
0000110010011110
0000110110011100
0000111000010101
0000110111011101
0000110011101001
0000101101010010
0000100101010101
0000011101000011
0000010101101100
0000010000000110
0000001100101011
0000001011001110
0000001011000001
0000001011000100
0000001010011110
0000001000100101
0000000101000101
0000000000001010
1111111010010100
1111110100001001
1111101110001010
1111101000101101
1111100011111000
1111011111100001
1111011011011000
1111010111010011
1111010011010000
1111001111011101
1111001100001101
1111001001111101
1111001000111010
1111001000111000
1111001001011001
1111001001101011
1111001000110101
1111000110001010
1111000001011110
1110111011000110
1110110011111000
1110101100111001
1110100111010010
1110100011110000
1110100010011011
1110100010111000
1110100100001110
1110100101011000
1110100101011000
1110100011101110
1110100000011100
1110011100000101
1110010111101000
1110010100001001
1110010010100000
1110010011000110
1110010101110001
1110011010000001
1110011111000010
1110100100001001
1110101001000000
1110101101101100
1110110010100011
1110111000000101
1110111110101100
1111000110011100
1111001111000000
1111010111110001
1111100000001000
1111100111100001
1111101101110001
1111110011000100
1111110111111110
1111111101000011
0000000010101110
0000001001001001
0000001111111101
0000010110011001
0000011011011100
0000011110001011
0000011101111100
0000011010100100
0000010100100100
0000001101000000
0000000101001001
1111111110010000
1111111001010011
1111110110101011
1111110110000110
1111110110110111
1111111000000011
1111111000101100
1111111000001000
1111110110001001
1111110010111110
1111101111001000
1111101011001111
1111100111110111
1111100101010111
1111100011101111
1111100010110000
1111100010001010
1111100001101001
1111100001000111
1111100000101110
1111100000110100
1111100001101110
1111100011100110
1111100110010100
1111101001010101
1111101011110010
1111101100110000
1111101011100110
1111101000000100
1111100010100000
1111011011110011
1111010101001010
1111001111101011
1111001100001000
1111001010110010
1111001011010011
1111001100110101
1111001110011010
1111001111001010
1111001110101000
1111001100111000
1111001010100000
1111001000100011
1111001000000100
1111001001110111
1111001110010111
1111010101011000
1111011110001101
1111101000000000
1111110001111110
1111111011101000
0000000100110011
0000001101110001
0000010110111011
0000100000100000
0000101010100001
0000110100101011
0000111110011100
0001000111001100
0001001110100010
0001010100011011
0001011001001101
0001011101011101
0001100001111001
0001100111000100
0001101101001000
0001110011101101
0001111010000110
0001111111010000
0010000010000101
0010000001110101
0001111110010011
0001110111110110
0001101111011001
0001100110001100
0001011101100010
0001010110010101
0001010000111111
0001001101011001
0001001010111100
0001001000101011
0001000101101101
0001000001011101
0000111011101100
0000110100100110
0000101100101100
0000100100101010
0000011101000011
0000010110001100
0000010000001011
0000001010111000
0000000101111110
0000000001010000
1111111100101100
1111111000011111
1111110101000000
1111110010101001
1111110001101100
1111110010000001
1111110011000101
1111110100000111
1111110100001110
1111110010101101
1111101111010110
1111101010100000
1111100101000010
1111100000000001
1111011100100010
1111011011010011
1111011100011101
1111011111100001
1111100011100111
1111100111101010
1111101010101101
1111101100001011
1111101100000100
1111101010111011
1111101001100110
1111101001000110
1111101010001101
1111101101010000
1111110010000010
1111110111111110
1111111110010011
0000000100010100
0000001001101010
0000001110011010
0000010010111101
0000010111110000
0000011101001110
0000100011011101
0000101010001011
0000110000110111
0000110110111011
0000111011111110
0000111111111000
0001000010111011
0001000101101100
0001001000110101
0001001100110100
0001010001110000
0001010111010101
0001011100101111
0001100000111011
0001100010110110
0001100001110010
0001011101100000
0001010110011100
0001001101100101
0001000100010001
0000111011101110
0000110100111101
0000110000011100
0000101110000010
0000101101000011
0000101100101010
0000101011111101
0000101010010011
0000100111011100
0000100011100110
0000011111001110
0000011010110110
0000010110111110
0000010011111000
0000010001100000
0000001111100101
0000001101110001
0000001011110101
0000001001101001
0000000111011001
0000000101011111
0000000100010101
0000000100001010
0000000100110100
0000000101110101
0000000110011000
0000000101100001
0000000010100111
1111111101011111
1111110110011110
1111101110011100
1111100110100101
1111011111111111
1111011011010111
1111011000111010
1111011000001111
1111011000100001
1111011000101100
1111010111111010
1111010101101101
1111010010000101
1111001101100111
1111001001010000
1111000110000011
1111000100110001
1111000101110000
1111001000111000
1111001101100010
1111010010111001
1111011000010001
1111011101001111
1111100001110010
1111100110001000
1111101010110000
1111101111111111
1111110101111000
1111111100001100
0000000010011110
0000001000001011
0000001100111010
0000010000101001
0000010011101010
0000010110100000
0000011001110010
0000011110000001
0000100011010100
0000101001010101
0000101111010001
0000110100001001
0000110110111011
0000110110110110
0000110011110000
0000101110000100
0000100110101111
0000011111000010
0000011000001110
0000010011010000
0000010000011110
0000001111101010
0000010000001001
0000010000111101
0000010001000101
0000001111110100
0000001100111001
0000001000011011
0000000010110101
1111111100110001
1111110110110001
1111110001001011
1111101100000101
1111100111011000
1111100010110110
1111011110010010
1111011001101110
1111010101011011
1111010001110100
1111001111010011
1111001110001010
1111001110010010
1111001111000110
1111001111110001
1111001111011011
1111001101010101
1111001001010000
1111000011100001
1110111100111111
1110110110101101
1110110001101100
1110101110101010
1110101101110000
1110101110100001
1110110000000101
1110110001011101
1110110001101101
1110110000010001
1110101101001010
1110101000111101
1110100100100011
1110100000111110
1110011111000100
1110011111010010
1110100001100010
1110100101010011
1110101001111100
1110101110110101
1110110011100111
1110111000010010
1110111101001100
1111000010101110
1111001001001010
1111010000100001
1111011000100001
1111100000100110
1111101000001000
1111101110101110
1111110100010000
1111111000111101
1111111101010100
0000000010000000
0000000111011110
0000001101110101
0000010100110001
0000011011100110
0000100001001111
0000100100101101
0000100101010011
0000100010110110
0000011101101110
0000010110111001
0000001111101001
0000001001001110
0000000100100010
0000000010000001
0000000001100010
0000000010011011
0000000011101111
0000000100100111
0000000100010111
0000000010101100
1111111111101101
1111111011110111
1111110111110000
1111110011110101
1111110000011110
1111101101110010
1111101011100101
1111101001100110
1111100111101100
1111100101110110
1111100100010000
1111100011010010
1111100011010110
1111100100101000
1111100110111010
1111101001100111
1111101011111000
1111101100101111
1111101011011111
1111100111111011
1111100010011001
1111011011101101
1111010101000001
1111001111011011
1111001011101011
1111001001111110
1111001010000000
1111001011000101
1111001100010001
1111001100110001
1111001100001100
1111001010101000
1111001000101000
1111000111000110
1111000111000000
1111001001000110
1111001101100111
1111010100010101
1111011100101000
1111100101101000
1111101110100110
1111110111000101
1111111111000011
0000000110101100
0000001110011010
0000010110100011
0000011111001011
0000101000000001
0000110000100111
0000111000011111
0000111111010010
0001000100111001
0001001001101011
0001001110001011
0001010011000010
0001011000101101
0001011111011000
0001100110101101
0001101101111000
0001110011110100
0001110111011101
0001111000000000
0001110101001010
0001101111010100
0001100111011011
0001011110101101
0001010110011011
0001001111100100
0001001010100111
0001000111011011
0001000101011001
0001000011101100
0001000001011000
0000111101110011
0000111000101100
0000110010001110
0000101010110001
0000100010111010
0000011011001111
0000010100000100
0000001101011101
0000000111010101
0000000001011110
1111111011101111
1111110110001010
1111110001000011
1111101100111010
1111101010001011
1111101001000110
1111101001100100
1111101011000001
1111101100100001
1111101101000111
1111101100001000
1111101001010001
1111100100110101
1111011111101011
1111011010111011
1111010111100101
1111010110010110
1111010111011011
1111011010011010
1111011110011011
1111100010011110
1111100101100111
1111100111010010
1111100111011001
1111100110011011
1111100101001111
1111100100101110
1111100101100111
1111101000010001
1111101100100010
1111110001111001
1111110111101000
1111111101001100
0000000010010000
0000000110110011
0000001011001101
0000001111111011
0000010101001111
0000011011001110
0000100001101011
0000101000000111
0000101110000000
0000110010111111
0000110111000001
0000111010010101
0000111101011100
0001000000111111
0001000101011011
0001001010111001
0001010001000000
0001010111000000
0001011011110110
0001011110011011
0001011101111111
0001011010010111
0001010011111100
0001001011101011
0001000010111001
0000111010111011
0000110100110000
0000110000110111
0000101111001101
0000101111001010
0000101111110110
0000110000010111
0000110000000010
0000101110100011
0000101011111100
0000101000100011
0000100100111010
0000100001011011
0000011110010101
0000011011101001
0000011001001101
0000010110101100
0000010011111011
0000010000111110
0000001110000110
0000001011101111
0000001010010101
0000001010001010
0000001011000001
0000001100010100
0000001101001011
0000001100101001
0000001010000001
0000000101000011
1111111110001000
1111110110001000
1111101110001000
1111100111001110
1111100010001100
1111011111001110
1111011101111110
1111011101101101
1111011101100001
1111011100100001
1111011010010000
1111010110101111
1111010010100000
1111001110010111
1111001011001110
1111001001110101
1111001010011101
1111001100111000
1111010000100101
1111010100111000
1111011001000111
1111011100111111
1111100000100011
1111100100001000
1111101000000110
1111101100110011
1111110010010101
1111111000010111
1111111110011010
0000000011111100
0000001000100100
0000001100001011
0000001110111111
0000010001100110
0000010100101001
0000011000101000
0000011101110001
0000100011110100
0000101010000000
0000101111010100
0000110010101101
0000110011011100
0000110001001100
0000101100010101
0000100101110010
0000011110110010
0000011000100001
0000010011111100
0000010001011110
0000010000111100
0000010001101010
0000010010110000
0000010011010000
0000010010011101
0000010000000001
0000001100000011
0000000110111100
0000000001001101
1111111011010110
1111110101110000
1111110000011111
1111101011011001
1111100110010011
1111100001000111
1111011011111000
1111010110111100
1111010010110101
1111010000000101
1111001110111001
1111001111001010
1111010000010011
1111010001011011
1111010001100010
1111001111111001
1111001100010010
1111000110111111
1111000000110001
1110111010101110
1110110101110101
1110110010101101
1110110001100001
1110110001111000
1110110010111101
1110110011110001
1110110011011110
1110110001100111
1110101110001011
1110101001101101
1110100101001010
1110100001100000
1110011111011111
1110011111100010
1110100001100101
1110100101001010
1110101001100110
1110101110010101
1110110011000101
1110110111110100
1110111100110000
1111000010010001
1111001000101001
1111001111110100
1111010111011111
1111011111001100
1111100110010111
1111101100100011
1111110001101101
1111110110000010
1111111010000101
1111111110011011
0000000011101001
0000001001111010
0000010000111100
0000011000000001
0000011110001010
0000100010010011
0000100011101001
0000100001111101
0000011101100111
0000010111011101
0000010000101101
0000001010101000
0000000110001010
0000000011110000
0000000011010010
0000000100001101
0000000101101001
0000000110101100
0000000110101101
0000000101011010
0000000010110111
1111111111011100
1111111011101100
1111111000000110
1111110100111100
1111110010010010
1111101111111111
1111101101110011
1111101011100010
1111101001010000
1111100111010001
1111100110000010
1111100101111101
1111100111010000
1111101001101011
1111101100100100
1111101110111100
1111101111110011
1111101110011011
1111101010100011
1111100100100101
1111011101011010
1111010110001100
1111010000000001
1111001011101110
1111001001100111
1111001001011000
1111001010010110
1111001011101101
1111001100101001
1111001100101100
1111001011110111
1111001010101010
1111001001110111
1111001010010001
1111001100100011
1111010000111011
1111010111001010
1111011110101010
1111100110101111
1111101110110000
1111110110010110
1111111101100001
0000000100100100
0000001011110101
0000010011100110
0000011011111100
0000100100100111
0000101101001000
0000110101000000
0000111011111001
0001000001101110
0001000110101110
0001001011011101
0001010000100100
0001010110100100
0001011101100101
0001100101010110
0001101101000101
0001110011101011
0001110111111111
0001111001001111
0001110111000111
0001110001111011
0001101010100101
0001100010010111
0001011010100000
0001010011111100
0001001111001101
0001001100001011
0001001010001111
0001001000100010
0001000110001111
0001000010101111
0000111101101101
0000110111010001
0000101111111001
0000101000000110
0000100000010111
0000011001000000
0000010010001001
0000001011100101
0000000101001001
1111111110110000
1111111000100010
1111110010110110
1111101110001111
1111101011010000
1111101010000111
1111101010100101
1111101100000101
1111101101101011
1111101110010110
1111101101010110
1111101010011110
1111100110000110
1111100001000000
1111011100010100
1111011001000010
1111010111110100
1111011000110010
1111011011100100
1111011111010110
1111100011000110
1111100101111101
1111100111011001
1111100111011010
1111100110011011
1111100101001111
1111100100101110
1111100101100010
1111100111111101
1111101011110110
1111110000101111
1111110110000000
1111111011000101
1111111111110000
0000000100000101
0000001000010110
0000001100111101
0000010010001110
0000011000001011
0000011110100010
0000100100111000
0000101010101100
0000101111100110
0000110011011111
0000110110100110
0000111001011110
0000111100101100
0001000000110001
0001000101111001
0001001011110010
0001010001101001
0001010110011101
0001011001001011
0001011001000000
0001010101101100
0001001111101000
0001000111110010
0000111111011000
0000110111101101
0000110001110011
0000101110001001
0000101100100111
0000101100101010
0000101101011100
0000101110000011
0000101101110100
0000101100011010
0000101001111010
0000100110100101
0000100010111010
0000011111010100
0000011100000011
0000011001000100
0000010110001011
0000010011001011
0000001111111001
0000001100011001
0000001001000101
0000000110011101
0000000100111110
0000000100110100
0000000101110100
0000000111010011
0000001000010001
0000000111110000
0000000101000101
0000000000000010
1111111001000010
1111110000111111
1111101001000100
1111100010010011
1111011101011100
1111011010110000
1111011001110111
1111011010000001
1111011010010010
1111011001110110
1111011000001011
1111010101001111
1111010001100000
1111001101110010
1111001010110111
1111001001011010
1111001001110000
1111001011110000
1111001110111100
1111010010110000
1111010110101100
1111011010100000
1111011110001100
1111100010000011
1111100110011010
1111101011011110
1111110001001100
1111110111010011
1111111101010100
0000000010101011
0000000111000010
0000001010010101
0000001100110100
0000001111000100
0000010001110010
0000010101100110
0000011010101101
0000100000111001
0000100111011101
0000101101011000
0000110001100001
0000110011000100
0000110001101110
0000101101101111
0000100111111101
0000100001100011
0000011011101110
0000010111011001
0000010100111101
0000010100010101
0000010100111001
0000010101110001
0000010110000101
0000010101001100
0000010010110010
0000001110111010
0000001001111100
0000000100011001
1111111110101101
1111111001001010
1111110011110011
1111101110100000
1111101001000011
1111100011011000
1111011101101100
1111011000011010
1111010100001000
1111010001011011
1111010000100100
1111010001010101
1111010011000011
1111010100110000
1111010101011010
1111010100001111
1111010000111101
1111001011111010
1111000101110111
1110111111110100
1110111010110011
1110110111011100
1110110101111001
1110110101110010
1110110110011010
1110110110110101
1110110110010001
1110110100010000
1110110000111000
1110101100101001
1110101000010111
1110100100111101
1110100011001010
1110100011010001
1110100101001111
1110101000101010
1110101100111111
1110110001101100
1110110110100000
1110111011011100
1111000000101101
1111000110100011
1111001101001001
1111010100011100
1111011100000101
1111100011100011
1111101010010101
1111110000000100
1111110100100111
1111111000010010
1111111011101011
1111111111011110
0000000100010000
0000001010010001
0000010001010101
0000011000101010
0000011111001110
0000100011111011
0000100101111101
0000100100111011
0000100001001000
0000011011011101
0000010101000101
0000001111001100
0000001010110001
0000001000010010
0000000111101001
0000001000010011
0000001001011101
0000001010010100
0000001010001110
0000001000111000
0000000110011010
0000000011001010
1111111111100111
1111111100001110
1111111001010000
1111110110101101
1111110100010111
1111110010000000
1111101111100000
1111101100111010
1111101010100101
1111101001000100
1111101000110001
1111101001110101
1111101100000001
1111101110100111
1111110000100111
1111110000111111
1111101111000011
1111101010101001
1111100100001011
1111011100100100
1111010101000100
1111001110110010
1111001010011111
1111001000011111
1111001000100010
1111001001111001
1111001011101010
1111001101000000
1111001101011110
1111001100111111
1111001011111101
1111001011001010
1111001011011000
1111001101001001
1111010000101111
1111010110000001
1111011100011111
1111100011100011
1111101010101110
1111110001110000
1111111000101000
1111111111100101
0000000110111100
0000001110111010
0000010111011010
0000100000001010
0000101000101101
0000110000100000
0000110111001010
0000111100100111
0001000001001001
0001000101010011
0001001001110001
0001001111001100
0001010101110100
0001011101011001
0001100101001011
0001101100001001
0001110001001000
0001110011001110
0001110010000011
0001101101110111
0001100111011100
0001011111111001
0001011000100000
0001010010001011
0001001101011010
0001001010001010
0001000111111101
0001000110000011
0001000011100111
0001000000001000
0000111011010100
0000110101010010
0000101110011010
0000100111001101
0000100000001000
0000011001010111
0000010010111100
0000001100101010
0000000110010100
1111111111110001
1111111001010001
1111110011010011
1111101110011110
1111101011010110
1111101010001110
1111101010111010
1111101100101100
1111101110100101
1111101111100110
1111101110111101
1111101100011001
1111101000010010
1111100011011101
1111011110111011
1111011011101011
1111011010011010
1111011011010011
1111011101111010
1111100001100000
1111100101001000
1111100111111001
1111101001010001
1111101001001110
1111101000001100
1111100110110110
1111100101111111
1111100110010000
1111100111111110
1111101011000001
1111101111000000
1111110011011111
1111111000000010
1111111100011010
0000000000101110
0000000101010000
0000001010010011
0000010000000001
0000010110011011
0000011101001101
0000100011110100
0000101001110000
0000101110100111
0000110010010010
0000110100111111
0000110111010011
0000111001111101
0000111101100010
0001000010010100
0001001000001000
0001001110010000
0001010011101010
0001010111001111
0001011000001010
0001010110000110
0001010001010001
0001001010100011
0001000011001000
0000111100001101
0000110110101111
0000110011010001
0000110001101111
0000110001100111
0000110010001010
0000110010100101
0000110010010001
0000110000111000
0000101110011111
0000101011011101
0000101000001011
0000100100111111
0000100010001000
0000011111100000
0000011100110100
0000011001110001
0000010110010000
0000010010011000
0000001110100001
0000001011010010
0000001001001111
0000001000100101
0000001001001001
0000001010010001
0000001011000011
0000001010011111
0000000111111010
0000000011001011
1111111100101010
1111110101001101
1111101101111010
1111100111110011
1111100011100011
1111100001010100
1111100000101111
1111100001000111
1111100001011100
1111100000111011
1111011111000110
1111011011111111
1111010111111111
1111010011111000
1111010000011111
1111001110011100
1111001101111111
1111001111000110
1111010001011010
1111010100011001
1111010111101001
1111011010111100
1111011110010110
1111100010000001
1111100110001111
1111101011001011
1111110000101110
1111110110100001
1111111100001001
0000000001000100
0000000100111100
0000000111101010
0000001001100111
0000001011011001
0000001101101110
0000010001010010
0000010110011001
0000011100110100
0000100011110111
0000101010011101
0000101111011111
0000110010000011
0000110001101101
0000101110101011
0000101001101110
0000100011111010
0000011110010111
0000011010000010
0000010111010101
0000010110001010
0000010110000011
0000010110010000
0000010101111110
0000010100100100
0000010001110011
0000001101101101
0000001000101000
0000000010111111
1111111101001111
1111110111100110
1111110010000001
1111101100011001
1111100110100000
1111100000010101
1111011010000101
1111010100010011
1111001111101001
1111001100101100
1111001011101100
1111001100011101
1111001110010001
1111010000000101
1111010000110111
1111001111110101
1111001100101100
1111000111101101
1111000001101011
1110111011100101
1110110110010111
1110110010101100
1110110000101111
1110110000001011
1110110000010001
1110110000001010
1110101111001001
1110101100110010
1110101001001000
1110100100101111
1110100000011010
1110011100111010
1110011010111001
1110011010101100
1110011100001100
1110011110111111
1110100010100110
1110100110100111
1110101010110011
1110101111001011
1110110011111101
1110111001011001
1110111111100111
1111000110100001
1111001101110110
1111010101000100
1111011011101000
1111100001001001
1111100101100010
1111101001000010
1111101100001101
1111101111110100
1111110100100000
1111111010100100
0000000001110101
0000001001101011
0000010001000011
0000010110110100
0000011010000111
0000011010100010
0000011000001111
0000010011111011
0000001110101110
0000001001110001
0000000101111010
0000000011101001
0000000010111110
0000000011011011
0000000100010011
0000000100111001
0000000100101110
0000000011100010
0000000001011010
1111111110110001
1111111100000011
1111111001100110
1111110111100011
1111110101110101
1111110100001000
1111110010000101
1111101111100011
1111101100101011
1111101001111000
1111100111101110
1111100110110001
1111100111010010
1111101001000001
1111101011010010
1111101101001001
1111101101101000
1111101100000000
1111101000001000
1111100010011010
1111011011101111
1111010101001100
1111001111110111
1111001100100000
1111001011010110
1111001100000011
1111001101111110
1111010000001011
1111010001110101
1111010010100001
1111010010001110
1111010001010110
1111010000100100
1111010000101001
1111010010001001
1111010101010010
1111011001111001
1111011111101000
1111100101111101
1111101100011100
1111110010111000
1111111001010111
0000000000000100
0000000111010000
0000001111000101
0000010111100000
0000100000001101
0000101000101100
0000110000011100
0000110111000101
0000111100011110
0001000000111001
0001000100111110
0001001001011010
0001001110111000
0001010101101011
0001011101101010
0001100110000101
0001101101111000
0001110011111011
0001110111010010
0001110111011101
0001110100100111
0001101111011110
0001101001000111
0001100010101000
0001011100111100
0001011000100011
0001010101011011
0001010011000111
0001010000111111
0001001110010101
0001001010100110
0001000101100101
0000111111011110
0000111000100110
0000110001011100
0000101010011011
0000100011101111
0000011101010011
0000010110110110
0000010000001010
0000001001001011
0000000010000101
1111111011011011
1111110101111100
1111110010010000
1111110000100111
1111110000111000
1111110010011000
1111110100000111
1111110101000010
1111110100011100
1111110010000101
1111101110001111
1111101001101010
1111100101011011
1111100010011100
1111100001010100
1111100010001101
1111100100110001
1111101000001101
1111101011100011
1111101110000001
1111101111001011
1111101110111011
1111101101101110
1111101100010001
1111101011010011
1111101011010100
1111101100101000
1111101111001000
1111110010011101
1111110110001010
1111111001111101
1111111101101110
0000000001100010
0000000101101001
0000001010010101
0000001111110001
0000010101110100
0000011100001011
0000100010010110
0000100111110000
0000101011111101
0000101110111000
0000110000110010
0000110010010000
0000110100000010
0000110110111000
0000111011000111
0001000000100110
0001000110101101
0001001100011100
0001010000101011
0001010010011111
0001010001011110
0001001101110100
0001001000001101
0001000001101101
0000111011011111
0000110110011100
0000110011000100
0000110001010111
0000110000111101
0000110001001011
0000110001010010
0000110000110001
0000101111011010
0000101101001101
0000101010100000
0000100111101011
0000100101000001
0000100010100100
0000100000001000
0000011101011000
0000011001111101
0000010101101011
0000010000110001
0000001011110000
0000000111010011
0000000100000110
0000000010011110
0000000010010100
0000000010111110
0000000011100010
0000000011000011
0000000000110100
1111111100100101
1111110110101101
1111101111111101
1111101001010101
1111100011110000
1111011111111010
1111011101111100
1111011101011101
1111011101101111
1111011101111011
1111011101010000
1111011011010001
1111011000000110
1111010100001011
1111010000001110
1111001101000001
1111001011001001
1111001010110101
1111001011111100
1111001110000111
1111010000111010
1111010011111010
1111010110111001
1111011001111101
1111011101010011
1111100001001001
1111100101101000
1111101010101111
1111110000001101
1111110101100011
1111111010010001
1111111110000010
0000000000110000
0000000010101010
0000000100011010
0000000110110001
0000001010011011
0000001111101100
0000010110011111
0000011110001010
0000100101101000
0000101011110010
0000101111101110
0000110000111011
0000101111011110
0000101100000011
0000100111101011
0000100011010111
0000011111111110
0000011101111110
0000011101010011
0000011101011110
0000011101110011
0000011101100011
0000011100001011
0000011001011001
0000010101010110
0000010000011001
0000001010111111
0000000101100001
0000000000001101
1111111010111101
1111110101100001
1111101111101011
1111101001011000
1111100010111000
1111011100101110
1111010111101001
1111010100010011
1111010010111101
1111010011011010
1111010100111110
1111010110101010
1111010111011000
1111010110011000
1111010011010110
1111001110100100
1111001000101101
1111000010110010
1110111101101111
1110111010001100
1110111000010101
1110110111111000
1110111000001001
1110111000010000
1110110111100010
1110110101100111
1110110010100011
1110101110110010
1110101011000100
1110101000001010
1110100110100110
1110100110100110
1110101000000110
1110101010110001
1110101110000111
1110110001110011
1110110101101010
1110111001101111
1110111110001010
1111000011001011
1111001000111010
1111001111010000
1111010101111001
1111011100010111
1111100010001010
1111100110110111
1111101010011000
1111101101000011
1111101111011101
1111110010011010
1111110110100110
1111111100011100
0000000011110011
0000001011111111
0000010011111111
0000011010101010
0000011110111110
0000100000011011
0000011111000111
0000011011101011
0000010111000100
0000010010011010
0000001110101001
0000001100010000
0000001011010010
0000001011011100
0000001100000110
0000001100100111
0000001100011110
0000001011011111
0000001001101110
0000000111011101
0000000101000110
0000000010111011
0000000000111111
1111111111000010
1111111100110000
1111111001110001
1111110101111101
1111110001100000
1111101100111101
1111101001000011
1111100110011001
1111100101010011
1111100101101010
1111100110110011
1111100111110010
1111100111101100
1111100101110101
1111100001111111
1111011100011110
1111010110001001
1111010000000010
1111001011000110
1111001000000001
1111000111000010
1111000111110100
1111001001101001
1111001011101100
1111001101001110
1111001101110011
1111001101011010
1111001100100001
1111001011110000
1111001011110000
1111001101000100
1111001111110111
1111010100000000
1111011001000111
1111011110110010
1111100100101011
1111101010100111
1111110000100110
1111110110111000
1111111101101010
0000000101000010
0000001100111100
0000010101000110
0000011101000001
0000100100001010
0000101010001011
0000101110111111
0000110010110110
0000110110010110
0000111010010010
0000111111010111
0001000101111010
0001001101110100
0001010110011101
0001011110110000
0001100101100001
0001101001110100
0001101011001001
0001101001100000
0001100101100000
0001100000001010
0001011010011111
0001010101010101
0001010001001101
0001001110001010
0001001011110100
0001001001100100
0001000110110010
0001000011000011
0000111110001001
0000111000001100
0000110001100110
0000101010110100
0000100100001100
0000011101110100
0000010111100110
0000010001001101
0000001010010110
0000000010111101
1111111011010101
1111110100000010
1111101101110101
1111101001011100
1111100111001100
1111100110111001
1111100111111100
1111101001011001
1111101010001111
1111101001101110
1111100111100110
1111100100001001
1111100000000011
1111011100010001
1111011001101110
1111011001000010
1111011010010001
1111011101000011
1111100000101010
1111100100001011
1111100110110011
1111101000001001
1111101000001110
1111100111011011
1111100110011100
1111100101111101
1111100110100001
1111101000010101
1111101011010001
1111101111000011
1111110011010011
1111110111101001
1111111100000000
0000000000011011
0000000101000110
0000001010001110
0000001111111100
0000010110001011
0000011100100100
0000100010101000
0000100111111010
0000101011111110
0000101110101111
0000110000100001
0000110001111100
0000110011110011
0000110110110011
0000111011010110
0001000001010111
0001001000001011
0001001110110001
0001010100000010
0001010110111111
0001010111001000
0001010100100101
0001010000000000
0001001010011010
0001000100111000
0001000000011000
0000111101011101
0000111100001001
0000111100000110
0000111100101110
0000111101010100
0000111101010010
0000111100011001
0000111010101100
0000111000011001
0000110101110110
0000110011010011
0000110000110011
0000101110000101
0000101010110001
0000100110100101
0000100001011011
0000011011100011
0000010101100100
0000010000010100
0000001100011101
0000001010010111
0000001001111001
0000001010011101
0000001011000101
0000001010110001
0000001000110100
0000000100111100
1111111111011000
1111111000111000
1111110010011010
1111101100111010
1111101001000000
1111100110111000
1111100110001111
1111100110010110
1111100110011000
1111100101101010
1111100011110010
1111100000110001
1111011101000101
1111011001011000
1111010110010110
1111010100011011
1111010011110110
1111010100100000
1111010110000001
1111011000000010
1111011010010001
1111011100100100
1111011110111110
1111100001101101
1111100101000000
1111101000111110
1111101101100010
1111110010011101
1111110111010000
1111111011011011
1111111110100110
0000000000101100
0000000010000001
0000000011001010
0000000100111101
0000001000001001
0000001101000111
0000010011110010
0000011011100011
0000100011011010
0000101010001011
0000101110110110
0000110000111010
0000110000010111
0000101101101110
0000101001111000
0000100101110111
0000100010011111
0000100000001011
0000011111000000
0000011110100101
0000011110010011
0000011101011111
0000011011101010
0000011000101001
0000010100011111
0000001111100101
0000001010010111
0000000101001100
0000000000001000
1111111011000101
1111110101110001
1111101111111001
1111101001011010
1111100010101001
1111011100001100
1111010110110010
1111010011000110
1111010001011011
1111010001100100
1111010010110010
1111010100001000
1111010100100100
1111010011010011
1111010000000010
1111001011000011
1111000101000100
1110111111000001
1110111001110101
1110110110001100
1110110100001111
1110110011101000
1110110011101110
1110110011101101
1110110010111000
1110110000111001
1110101101110111
1110101010001111
1110100110101011
1110100011110111
1110100010010111
1110100010010100
1110100011101000
1110100101111110
1110101000111111
1110101100010101
1110101111110100
1110110011100000
1110110111100101
1110111100001011
1111000001011100
1111000111010101
1111001101100011
1111010011101001
1111011001000111
1111011101100111
1111100001000011
1111100011101010
1111100110000110
1111101001001001
1111101101011110
1111110011011111
1111111011000101
0000000011100111
0000001100000010
0000010011001011
0000011000000100
0000011010001010
0000011001011111
0000010110101000
0000010010100101
0000001110010111
0000001010111010
0000001000110001
0000001000000100
0000001000011101
0000001001011010
0000001010010100
0000001010101010
0000001010001100
0000001001000001
0000000111011010
0000000101101011
0000000100000010
0000000010100000
0000000000110010
1111111110011100
1111111011001011
1111110110111000
1111110001110101
1111101100101001
1111101000000111
1111100101000000
1111100011100110
1111100011110010
1111100100111111
1111100110001111
1111100110100011
1111100101001110
1111100010000001
1111011101001100
1111010111011110
1111010001111010
1111001101011101
1111001010110001
1111001010000001
1111001010111100
1111001100110110
1111001110111001
1111010000011010
1111010001000001
1111010000110000
1111001111111111
1111001111011000
1111001111100100
1111010000111010
1111010011100101
1111010111011110
1111011100001111
1111100001011111
1111100110111100
1111101100100000
1111110010001100
1111111000001100
1111111110101101
0000000101111001
0000001101100111
0000010101100100
0000011101010100
0000100100010111
0000101010010010
0000101110111110
0000110010110000
0000110110001111
0000111010001011
0000111111010101
0001000110001000
0001001110011011
0001010111100111
0001100000101001
0001101000010111
0001101101101101
0001110000000100
0001101111011111
0001101100011011
0001100111110001
0001100010100010
0001011101100111
0001011001100000
0001010110010011
0001010011110000
0001010001010110
0001001110011110
0001001010101011
0001000101110111
0001000000001000
0000111001110011
0000110011010100
0000101100111101
0000100110110000
0000100000011110
0000011001110011
0000010010011100
0000001010010110
0000000001110111
1111111001101100
1111110010101011
1111101101100010
1111101010101010
1111101001111101
1111101010110011
1111101100001100
1111101101001011
1111101100111110
1111101011001100
1111101000000011
1111100100001101
1111100000100011
1111011101111011
1111011100111011
1111011101101100
1111011111110111
1111100010101110
1111100101100000
1111100111100000
1111101000010110
1111101000000110
1111100111001110
1111100110010100
1111100101111110
1111100110100111
1111101000011001
1111101011001010
1111101110100101
1111110010010110
1111110110001011
1111111001111011
1111111101101101
0000000001101111
0000000110001101
0000001011010000
0000010000110100
0000010110101000
0000011100001111
0000100001000110
0000100100110111
0000100111011100
0000101001000010
0000101010010001
0000101011111100
0000101110110001
0000110011001000
0000111000111111
0000111111110010
0001000110100010
0001001100000110
0001001111100111
0001010000100100
0001001111000000
0001001011011101
0001000110111100
0001000010011011
0000111110110001
0000111100011110
0000111011101001
0000111011111001
0000111100101001
0000111101001111
0000111101001110
0000111100010011
0000111010100010
0000111000001111
0000110101101111
0000110011001101
0000110000101001
0000101101110001
0000101010001101
0000100101100111
0000011111111101
0000011001100101
0000010011001001
0000001101011110
0000001001010010
0000000110111110
0000000110010110
0000000110110011
0000000111011011
0000000111001101
0000000101011010
0000000001110001
1111111100100001
1111110110010111
1111110000001110
1111101011000010
1111100111011100
1111100101100011
1111100101000011
1111100101010100
1111100101100001
1111100100111110
1111100011010111
1111100000110000
1111011101100010
1111011010010100
1111010111101110
1111010110001010
1111010101101110
1111010110010100
1111010111101010
1111011001011010
1111011011010010
1111011101001101
1111011111010001
1111100001101010
1111100100100011
1111101000001000
1111101100010101
1111110000111000
1111110101010101
1111111001001111
1111111100001110
1111111110001100
1111111111011100
0000000000101001
0000000010100010
0000000101111000
0000001011000110
0000010010001010
0000011010011011
0000100010111010
0000101010011111
0000110000001001
0000110011001111
0000110011110000
0000110010001010
0000101111001110
0000101011111000
0000101000111100
0000100110111000
0000100101101110
0000100101001010
0000100100101011
0000100011101010
0000100001101010
0000011110100011
0000011010100000
0000010101110111
0000010001000011
0000001100010111
0000000111110110
0000000011001111
1111111110001001
1111111000010011
1111110001101001
1111101010011101
1111100011011100
1111011101011010
1111011001000011
1111010110101101
1111010110001111
1111010111000001
1111011000000101
1111011000011001
1111010111001110
1111010100001110
1111001111100100
1111001001111011
1111000100001111
1110111111011001
1110111011111110
1110111010001011
1110111001101110
1110111001111100
1110111010000011
1110111001011111
1110110111111001
1110110101010111
1110110010010100
1110101111011000
1110101101000111
1110101011110111
1110101011110100
1110101100110100
1110101110100100
1110110000110000
1110110011001011
1110110101110001
1110111000100110
1110111011111000
1110111111110111
1111000100101010
1111001010001100
1111010000001010
1111010110000111
1111011011011111
1111011111111001
1111100011001111
1111100101101110
1111100111111010
1111101010100110
1111101110100001
1111110100000101
1111111011001011
0000000011010000
0000001011011000
0000010010011010
0000010111010111
0000011001110001
0000011001100110
0000010111010110
0000010011111100
0000010000010111
0000001101011101
0000001011110000
0000001011010101
0000001011111100
0000001100111110
0000001101110101
0000001110000101
0000001101100000
0000001100001100
0000001010011011
0000001000100101
0000000110110011
0000000101000001
0000000010111101
0000000000001010
1111111100010010
1111110111001111
1111110001011010
1111101011011101
1111100110001100
1111100010010110
1111100000010110
1111100000000011
1111100000110111
1111100001111001
1111100010001100
1111100001000000
1111011110000010
1111011001100011
1111010100001111
1111001111000001
1111001010110100
1111001000010100
1111000111101010
1111001000100011
1111001010011001
1111001100011010
1111001101111011
1111001110100111
1111001110100100
1111001110001010
1111001101111010
1111001110011000
1111001111111011
1111010010101010
1111010110010111
1111011010110011
1111011111101001
1111100100100111
1111101001101001
1111101110110011
1111110100010100
1111111010010111
0000000001000101
0000001000011010
0000010000000011
0000010111100010
0000011110010110
0000100100000111
0000101000101101
0000101100011000
0000101111110000
0000110011101000
0000111000101101
0000111111011011
0001000111101111
0001010001000011
0001011010010101
0001100010011101
0001101000011010
0001101011100101
0001101011110111
0001101001101110
0001100101111111
0001100001100011
0001011101001111
0001011001100111
0001010110110010
0001010100011101
0001010010001101
0001001111011111
0001001011111001
0001000111010010
0001000001110101
0000111011111000
0000110101110000
0000101111101110
0000101001110001
0000100011100111
0000011100111000
0000010101010100
0000001100111101
0000000100001011
1111111011101101
1111110100011100
1111101111001010
1111101100001011
1111101011011000
1111101100001100
1111101101101001
1111101110101100
1111101110100010
1111101100110111
1111101001110011
1111100101111101
1111100010010000
1111011111100101
1111011110011111
1111011111001001
1111100001010011
1111100100010001
1111100111010000
1111101001100111
1111101011000010
1111101011100000
1111101011010110
1111101011001000
1111101011010110
1111101100010011
1111101110000110
1111110000101010
1111110011101101
1111110110111101
1111111010001111
1111111101100011
0000000000111101
0000000100101011
0000001000111100
0000001101111000
0000010011010111
0000011001000111
0000011110101000
0000100011011001
0000100110111101
0000101001001110
0000101010011100
0000101011001101
0000101100010001
0000101110011101
0000110010001110
0000110111100010
0000111101111010
0001000100011110
0001001010001100
0001001110000111
0001001111101110
0001001111000001
0001001100011100
0001001000110010
0001000101000000
0001000001111000
0000111111111010
0000111111001000
0000111111010100
0000111111111000
0001000000001110
0000111111111000
0000111110101101
0000111100110001
0000111010010101
0000110111110000
0000110101001101
0000110010100111
0000101111101001
0000101011111010
0000100111000110
0000100001000111
0000011010010111
0000010011100011
0000001101011111
0000001000111000
0000000110000110
0000000101000100
0000000101001010
0000000101011101
0000000101000010
0000000011001000
1111111111011011
1111111010001010
1111110011111111
1111101101110110
1111101000100101
1111100100110110
1111100010110101
1111100010001101
1111100010010101
1111100010011111
1111100010000010
1111100000101000
1111011110010110
1111011011100011
1111011000110001
1111010110011101
1111010100111111
1111010100011101
1111010100101101
1111010101100000
1111010110100110
1111010111110011
1111011001000011
1111011010011101
1111011100010010
1111011110110000
1111100001111100
1111100101110100
1111101010001000
1111101110011000
1111110010000011
1111110100110100
1111110110100011
1111110111100010
1111111000010111
1111111001111001
1111111100111001
0000000001110011
0000001000101000
0000010000110101
0000011001011100
0000100001010011
0000100111011100
0000101011001101
0000101100011010
0000101011011100
0000101001000011
0000100110000110
0000100011010101
0000100001010010
0000100000000100
0000011111011001
0000011110110010
0000011101101101
0000011011110011
0000011000111001
0000010101001010
0000010000111101
0000001100101100
0000001000100001
0000000100011100
0000000000001011
1111111011010100
1111110101100000
1111101110110010
1111100111100000
1111100000010100
1111011010000010
1111010101011000
1111010010101101
1111010001110111
1111010010010000
1111010010111110
1111010011000000
1111010001100110
1111001110011010
1111001001101011
1111000011111101
1110111110001100
1110111001010010
1110110101110110
1110110100000001
1110110011100100
1110110011111010
1110110100010010
1110110100000011
1110110010111101
1110110001000011
1110101110101010
1110101100010001
1110101010011100
1110101001011101
1110101001011011
1110101010001111
1110101011101110
1110101101100111
1110101111101111
1110110010001000
1110110100111000
1110111000001100
1110111100010010
1111000001010010
1111000111000100
1111001101010011
1111010011011110
1111011001000010
1111011101100010
1111100000110011
1111100011000100
1111100100111011
1111100111001001
1111101010011110
1111101111011101
1111110110000101
1111111101111000
0000000101111101
0000001101010101
0000010011000010
0000010110011111
0000010111101000
0000010110110110
0000010100111001
0000010010101000
0000010000110110
0000010000000010
0000010000010010
0000010001010110
0000010010101110
0000010011111000
0000010100010110
0000010100000001
0000010011000000
0000010001100011
0000001111111111
0000001110011101
0000001100110111
0000001010110011
0000000111111000
0000000011110010
1111111110011111
1111111000010101
1111110010000011
1111101100100000
1111101000010111
1111100110000001
1111100101011000
1111100101111000
1111100110100111
1111100110101001
1111100101010010
1111100010001101
1111011101101001
1111011000010010
1111010011000100
1111001110110110
1111001100010010
1111001011100100
1111001100011101
1111001110010010
1111010000010111
1111010010000101
1111010011001000
1111010011100000
1111010011100100
1111010011110011
1111010100100111
1111010110010010
1111011000111001
1111011100010011
1111100000001101
1111100100011001
1111101000101101
1111101101000101
1111110001101001
1111110110100111
1111111100001111
0000000010100110
0000001001100110
0000010000111110
0000011000001111
0000011110110110
0000100100011010
0000101000110011
0000101100010001
0000101111011001
0000110010111101
0000110111101110
0000111110000111
0001000110000110
0001001111001011
0001011000011010
0001100000101100
0001100111000011
0001101010111001
0001101100000110
0001101010111110
0001101000001111
0001100100110001
0001100001010011
0001011110010011
0001011011111011
0001011001111011
0001010111110101
0001010101001001
0001010001100011
0001001100111100
0001000111011110
0001000001100010
0000111011100001
0000110101100111
0000101111101111
0000101001101000
0000100010111010
0000011011010011
0000010010110110
0000001001111111
0000000001011100
1111111010000000
1111110100011011
1111110001000101
1111101111110100
1111110000000000
1111110000110010
1111110001001010
1111110000011000
1111101110000101
1111101010100000
1111100110010001
1111100010001101
1111011111001110
1111011101111010
1111011110010111
1111100000010011
1111100011000100
1111100101111100
1111101000001111
1111101001101001
1111101010001100
1111101010001101
1111101010000110
1111101010010011
1111101011001010
1111101100101101
1111101110110110
1111110001011010
1111110100001101
1111110111000101
1111111010000011
1111111101010001
0000000000111011
0000000101001100
0000001010001001
0000001111101011
0000010101011010
0000011010110101
0000011111010111
0000100010101000
0000100100011011
0000100101000100
0000100101001011
0000100101100110
0000100111000110
0000101010010000
0000101111001010
0000110101010111
0000111100000000
0001000010001000
0001000110110100
0001001001011111
0001001010000000
0001001000101111
0001000110010111
0001000011101010
0001000001011000
0000111111111110
0000111111100010
0000111111110010
0001000000010001
0001000000011111
0001000000000011
0000111110110101
0000111101000000
0000111010110110
0000111000101001
0000110110100010
0000110100010111
0000110001110000
0000101110001101
0000101001011100
0000100011011101
0000011100100100
0000010101011111
0000001111000110
0000001010000101
0000000110110110
0000000101010011
0000000100111011
0000000100110111
0000000100001001
0000000010000101
1111111110010111
1111111001001011
1111110011000111
1111101101001000
1111101000000011
1111100100011111
1111100010100110
1111100010000111
1111100010011100
1111100010110011
1111100010101010
1111100001101110
1111011111111111
1111011101110001
1111011011100011
1111011001101110
1111011000100011
1111011000000101
1111011000010000
1111011000110101
1111011001100101
1111011010011010
1111011011010110
1111011100011111
1111011110000100
1111100000010110
1111100011011100
1111100111001110
1111101011011100
1111101111101010
1111110011010101
1111110110000101
1111110111110100
1111111000110100
1111111001101010
1111111011001000
1111111110000000
0000000010110000
0000001001011000
0000010001010111
0000011001110111
0000100001110011
0000101000001100
0000101100011001
0000101110010001
0000101110000010
0000101100010110
0000101010000001
0000100111110001
0000100110000001
0000100100111011
0000100100010010
0000100011101001
0000100010100010
0000100000101001
0000011101111101
0000011010100110
0000010110111101
0000010011010111
0000001111111101
0000001100100110
0000001000111001
0000000100011100
1111111110111001
1111111000001110
1111110000110011
1111101001010110
1111100010101011
1111011101011110
1111011010001010
1111011000101000
1111011000010101
1111011000010111
1111010111110110
1111010110000001
1111010010100010
1111001101100101
1111000111110010
1111000010000000
1110111101000011
1110111001100010
1110110111100110
1110110110111101
1110110111000000
1110110111000110
1110110110101011
1110110101011011
1110110011011101
1110110001001000
1110101110110111
1110101101000101
1110101100000110
1110101011111111
1110101100101001
1110101101110111
1110101111100001
1110110001011101
1110110011101011
1110110110010100
1110111001101000
1110111101101111
1111000010101110
1111001000011011
1111001110100001
1111010100011011
1111011001100101
1111011101100011
1111100000001011
1111100001101100
1111100010101100
1111100100000001
1111100110011100
1111101010011110
1111110000001110
1111110111010100
1111111110111001
0000000110000010
0000001011110101
0000001111101110
0000010001100000
0000010001011111
0000010000010010
0000001110101001
0000001101010000
0000001100101000
0000001100111100
0000001110000000
0000001111011011
0000010000110001
0000010001100110
0000010001101111
0000010001001110
0000010000010100
0000001111001111
0000001110000011
0000001100101100
0000001010110100
0000001000000000
0000000011111101
1111111110101011
1111111000100000
1111110010000100
1111101100001011
1111100111100101
1111100100101001
1111100011010010
1111100011000001
1111100011000100
1111100010011110
1111100000100100
1111011101000110
1111011000010000
1111010010100111
1111001101000101
1111001000100011
1111000101101000
1111000100011111
1111000100111101
1111000110011111
1111001000010111
1111001010000010
1111001011001011
1111001011110001
1111001100000011
1111001100011000
1111001101001011
1111001110101100
1111010000111100
1111010011111010
1111010111011000
1111011011001001
1111011111000100
1111100011001001
1111100111100010
1111101100011010
1111110010000000
1111111000011100
1111111111100111
0000000111001011
0000001110100111
0000010101011000
0000011011000001
0000011111010111
0000100010101100
0000100101100110
0000101000110111
0000101101001111
0000110011010000
0000111010111011
0001000011110001
0001001100111010
0001010101010100
0001011100000001
0001100000010110
0001100010001000
0001100001101010
0001011111100101
0001011100101101
0001011001110010
0001010111010101
0001010101011010
0001010011110110
0001010010001100
0001001111111011
0001001100101111
0001001000100110
0001000011110000
0000111110100011
0000111001011001
0000110100011101
0000101111101000
0000101010100001
0000100100101101
0000011101111001
0000010110000010
0000001101100010
0000000101000110
1111111101100110
1111110111101111
1111110011111001
1111110010000100
1111110001101011
1111110001111000
1111110001110011
1111110000101111
1111101110011001
1111101010111010
1111100110111011
1111100011010000
1111100000101001
1111011111100101
1111100000001101
1111100010001001
1111100100110000
1111100111010110
1111101001011001
1111101010100110
1111101011000011
1111101011001000
1111101011010001
1111101011111001
1111101101010010
1111101111100010
1111110010100010
1111110110000010
1111111001110100
1111111101110000
0000000001101111
0000000101110110
0000001010010000
0000001111000101
0000010100010100
0000011001110011
0000011111001101
0000100100000100
0000100111110111
0000101010010010
0000101011010101
0000101011010101
0000101010111101
0000101011000110
0000101100100011
0000101111110100
0000110100111011
0000111011011111
0001000010101010
0001001001011010
0001001110110100
0001010010010001
0001010011100011
0001010010111001
0001010000111110
0001001110100011
0001001100010111
0001001010111000
0001001010010011
0001001010011100
0001001010110110
0001001011000101
0001001010110100
0001001001111100
0001001000100100
0001000110111111
0001000101011110
0001000100000010
0001000010011011
0001000000010001
0000111101000011
0000111000011011
0000110010010111
0000101011010001
0000100011110011
0000011100110010
0000010110111101
0000010010110001
0000010000001011
0000001110101101
0000001101100111
0000001100000100
0000001001010111
0000000101001110
1111111111111000
1111111001110110
1111110011111101
1111101110111110
1111101011011011
1111101001011000
1111101000100011
1111101000011000
1111101000001111
1111100111100110
1111100110001111
1111100100001111
1111100001110111
1111011111011111
1111011101011110
1111011100000010
1111011011001011
1111011010110100
1111011010110100
1111011011000010
1111011011010111
1111011011110111
1111011100101100
1111011110000100
1111100000001001
1111100011000001
1111100110100110
1111101010100010
1111101110010101
1111110001100010
1111110011110000
1111110100111000
1111110101001101
1111110101011010
1111110110010010
1111111000100011
1111111100101111
0000000010111000
0000001010011101
0000010010100101
0000011010001111
0000100000011011
0000100100011101
0000100110001001
0000100101110001
0000100011111011
0000100001011000
0000011110111000
0000011100111010
0000011011100111
0000011010110010
0000011010000011
0000011001000000
0000010111010100
0000010100111101
0000010010001100
0000001111010101
0000001100101000
0000001010001011
0000000111110000
0000000100111000
0000000001000001
1111111011110100
1111110101001101
1111101101100011
1111100101100001
1111011110000010
1111010111111000
1111010011011101
1111010000110101
1111001111100010
1111001110110001
1111001101101000
1111001011011011
1111000111110101
1111000010111100
1110111101010100
1110110111110010
1110110011000100
1110101111101010
1110101101101001
1110101100110010
1110101100011101
1110101100000001
1110101011000011
1110101001010111
1110100111000010
1110100100011100
1110100010000011
1110100000010011
1110011111011100
1110011111100011
1110100000100101
1110100010010011
1110100100011110
1110100110111101
1110101001101101
1110101100110000
1110110000010001
1110110100011101
1110111001010111
1110111110110111
1111000100101001
1111001010001111
1111001111000010
1111010010101000
1111010100110111
1111010110000010
1111010110101101
1111010111101111
1111011001111110
1111011101111101
1111100011110100
1111101011001010
1111110011001111
1111111011000010
0000000001100110
0000000110010010
0000001000111001
0000001001101001
0000001001001001
0000001000001100
0000000111100000
0000000111100011
0000001000011110
0000001010000101
0000001011111011
0000001101100000
0000001110100001
0000001110110111
0000001110101011
0000001110001111
0000001101110101
0000001101100001
0000001101000010
0000001011111101
0000001001110101
0000000110010010
0000000001010001
1111111011001011
1111110100101110
1111101110101101
1111101001111010
1111100110110100
1111100101011010
1111100101001010
1111100101010011
1111100100111110
1111100011011011
1111100000010101
1111011011111011
1111010110110101
1111010001111000
1111001101111100
1111001011101000
1111001011001000
1111001100001000
1111001110000110
1111010000011010
1111010010100000
1111010100000101
1111010101001011
1111010110000001
1111010110111010
1111011000001001
1111011001111100
1111011100010101
1111011111001100
1111100010011001
1111100101110111
1111101001100010
1111101101011101
1111110001110110
1111110110111100
1111111100111000
0000000011101011
0000001011001110
0000010011000111
0000011010110001
0000100001101001
0000100111010100
0000101011101000
0000101110110100
0000110001011110
0000110100011010
0000111000010101
0000111101110001
0001000100110010
0001001101000010
0001010101101100
0001011101110101
0001100100100011
0001101001001101
0001101011100010
0001101011101110
0001101010010101
0001101000000000
0001100101011000
0001100010111010
0001100000101110
0001011110100111
0001011100010000
0001011001010011
0001010101100100
0001010001000101
0001001100001000
0001000111000110
0001000010010000
0000111101100111
0000111000111111
0000110011111100
0000101101111110
0000100110110011
0000011110011111
0000010101011101
0000001100011011
0000000100010001
1111111101110010
1111111001010101
1111110110110110
1111110101110111
1111110101100011
1111110100111111
1111110011011011
1111110000100011
1111101100011111
1111100111101110
1111100011000111
1111011111011011
1111011101001110
1111011100100110
1111011101010110
1111011110111101
1111100000110010
1111100010010100
1111100011010110
1111100011111010
1111100100001100
1111100100100100
1111100101010110
1111100110101011
1111101000100010
1111101010110100
1111101101010111
1111101111111100
1111110010100001
1111110101001001
1111111000000001
1111111011010011
1111111111001110
0000000011110101
0000001000111110
0000001110001111
0000010011001011
0000010111010000
0000011010000000
0000011011010110
0000011011100101
0000011011010001
0000011011001110
0000011100001110
0000011110110110
0000100011001110
0000101001000000
0000101111100010
0000110101111001
0000111011001100
0000111110110010
0001000000011111
0001000000011110
0000111111001111
0000111101100010
0000111100000011
0000111011001101
0000111011000110
0000111011100011
0000111100001011
0000111100100001
0000111100010101
0000111011100110
0000111010100010
0000111001011001
0000111000011011
0000110111100111
0000110110101010
0000110101000010
0000110010010001
0000101110000000
0000101000001110
0000100001010011
0000011001111110
0000010011000110
0000001101011000
0000001001010010
0000000110110111
0000000101101000
0000000100110011
0000000011100100
0000000001010000
1111111101011111
1111111000011010
1111110010100100
1111101100110001
1111100111101111
1111100100000011
1111100001111000
1111100000111111
1111100000110110
1111100000111000
1111100000101010
1111011111111001
1111011110100111
1111011101000101
1111011011101000
1111011010011110
1111011001110010
1111011001100100
1111011001101010
1111011001111000
1111011010000110
1111011010010010
1111011010100010
1111011011000100
1111011100001101
1111011110001110
1111100001001101
1111100101000100
1111101001100010
1111101110000100
1111110010000111
1111110101010000
1111110111010101
1111111000100001
1111111001010110
1111111010100011
1111111100110110
0000000000101101
0000000110001100
0000001101000001
0000010100011110
0000011011101000
0000100001101100
0000100110000101
0000101000100001
0000101001001101
0000101000101001
0000100111011110
0000100110010000
0000100101011001
0000100100111110
0000100100110100
0000100100100000
0000100011101111
0000100010010110
0000100000011000
0000011110001000
0000011011111111
0000011010001011
0000011000101100
0000010111001101
0000010101010000
0000010010010001
0000001101110100
0000000111111010
0000000000111001
1111111001011101
1111110010011100
1111101100101001
1111101000100011
1111100110001001
1111100100111111
1111100100011000
1111100011011101
1111100001011110
1111011110000111
1111011001100001
1111010100001001
1111001110110000
1111001010000110
1111000110101010
1111000100100011
1111000011011111
1111000011000000
1111000010100001
1111000001100111
1111000000000101
1110111110000101
1110111011111001
1110111001111000
1110111000011011
1110110111110000
1110110111111000
1110111000101011
1110111010000000
1110111011101001
1110111101011111
1110111111100101
1111000010000101
1111000101001011
1111001001000011
1111001101110001
1111010011001101
1111011000111101
1111011110011101
1111100011001001
1111100110100101
1111101000100101
1111101001011011
1111101001101110
1111101010010000
1111101011110010
1111101110111010
1111110011110001
1111111010000100
0000000001000110
0000001000000001
0000001101111110
0000010010010011
0000010100110010
0000010101100101
0000010101001010
0000010100001010
0000010011001111
0000010010110011
0000010010111101
0000010011011110
0000010100000011
0000010100010010
0000010011111100
0000010011000101
0000010001111110
0000010000111001
0000010000000100
0000001111011110
0000001110110110
0000001101100111
0000001011001110
0000000111010100
0000000001110110
1111111011001001
1111110011110111
1111101100111001
1111100110111110
1111100010100001
1111011111101000
1111011101110111
1111011100100010
1111011010110011
1111011000000101
1111010100000101
1111001110111110
1111001001010100
1111000011111101
1110111111101000
1110111100110100
1110111011101010
1110111011111001
1110111100111011
1110111110001011
1110111111001001
1110111111100111
1110111111100110
1110111111010111
1110111111010010
1110111111101100
1111000000101111
1111000010100001
1111000100111110
1111000111111000
1111001011000110
1111001110100100
1111010010010101
1111010110100001
1111011011011000
1111100001000111
1111100111110000
1111101111001001
1111110110111100
1111111110100110
0000000101100010
0000001011010011
0000001111110001
0000010011001100
0000010110000111
0000011001010010
0000011101011110
0000100011001011
0000101010011110
0000110011000000
0000111100000111
0001000100110100
0001001100001101
0001010001101010
0001010100111001
0001010101111111
0001010101011010
0001010011110110
0001010001111010
0001010000000000
0001001110010010
0001001100101000
0001001010101011
0001001000000101
0001000100101101
0001000000101001
0000111100001011
0000110111101010
0000110011011011
0000101111100010
0000101011110000
0000100111101010
0000100010110100
0000011100110111
0000010101110001
0000001101111011
0000000110000000
1111111110110010
1111111001000000
1111110101000110
1111110011000011
1111110010011001
1111110010011001
1111110010001101
1111110001000101
1111101110101010
1111101011000110
1111100110111010
1111100010110111
1111011111101101
1111011101111111
1111011101110100
1111011110111010
1111100000110001
1111100010110100
1111100100100011
1111100101101101
1111100110011000
1111100110110011
1111100111010011
1111101000001011
1111101001101011
1111101011110010
1111101110011001
1111110001010010
1111110100010100
1111110111010110
1111111010011001
1111111101100110
0000000001001110
0000000101011010
0000001010010001
0000001111101100
0000010101010111
0000011010101111
0000011111010011
0000100010101100
0000100100110000
0000100101101101
0000100110001000
0000100110110010
0000101000011000
0000101011011011
0000110000000110
0000110110000111
0000111100110011
0001000011010110
0001001000111100
0001001100111101
0001001111001001
0001001111101010
0001001111000001
0001001101110101
0001001100101101
0001001100000110
0001001100000101
0001001100011101
0001001100110110
0001001100111010
0001001100011010
0001001011010111
0001001010000010
0001001000110000
0001000111101101
0001000110111000
0001000110000001
0001000100101001
0001000010001100
0000111110010101
0000111001000011
0000110010101011
0000101011110011
0000100101010010
0000011111110101
0000011011110101
0000011001010100
0000010111111000
0000010110110010
0000010101001101
0000010010100001
0000001110011100
0000001001001001
0000000011001100
1111111101010111
1111111000011100
1111110100111001
1111110010110011
1111110001111010
1111110001101010
1111110001011010
1111110000101100
1111101111010011
1111101101001111
1111101010101111
1111101000001001
1111100101110001
1111100011110001
1111100010001010
1111100000111010
1111011111111001
1111011110111101
1111011110000111
1111011101100010
1111011101011011
1111011110000100
1111011111101101
1111100010011100
1111100110001000
1111101010011000
1111101110101011
1111110010011110
1111110101010010
1111110110111110
1111110111110100
1111111000010011
1111111001001000
1111111011000011
1111111110100011
0000000011101101
0000001010001100
0000010001010110
0000011000010010
0000011110000110
0000100010001000
0000100100001001
0000100100010000
0000100010111001
0000100000110001
0000011110100011
0000011100101100
0000011011010100
0000011010010010
0000011001010001
0000010111111000
0000010101111011
0000010011011111
0000010000110001
0000001110000101
0000001011100111
0000001001011000
0000000111000101
0000000100001111
0000000000011000
1111111011001101
1111110100101101
1111101101010010
1111100101101010
1111011110101000
1111011000111000
1111010100111000
1111010010100101
1111010001100010
1111010000111100
1111001111111100
1111001101110110
1111001010010010
1111000101010111
1110111111101010
1110111001111100
1110110100111100
1110110001001100
1110101110110111
1110101101101101
1110101101001110
1110101100110110
1110101100001011
1110101010111111
1110101001010101
1110100111011111
1110100101110101
1110100100100110
1110100011111110
1110100100000001
1110100100100110
1110100101100010
1110100110101110
1110101000001001
1110101001111000
1110101100000111
1110101111001000
1110110011001000
1110111000000111
1110111101111001
1111000100000101
1111001010000100
1111001111001101
1111010011000111
1111010101100111
1111010110111101
1111010111101011
1111011000100111
1111011010100001
1111011101111101
1111100011000111
1111101001110100
1111110001011110
1111111001001110
0000000000010010
0000000110000011
0000001010001001
0000001100101001
0000001101111110
0000001110101100
0000001111010100
0000010000010000
0000010001101000
0000010011001101
0000010100101010
0000010101101100
0000010110001001
0000010110000101
0000010101110000
0000010101011110
0000010101011100
0000010101100011
0000010101100001
0000010100110110
0000010010111111
0000001111100110
0000001010101010
0000000100100101
1111111110000010
1111110111110100
1111110010101110
1111101111001110
1111101101010010
1111101100100010
1111101100010010
1111101011101101
1111101010000111
1111100111001111
1111100011001111
1111011110101001
1111011010001101
1111010110101100
1111010100100110
1111010100000000
1111010100101010
1111010110000101
1111010111101101
1111011001000100
1111011001111101
1111011010011100
1111011010101101
1111011011000011
1111011011110001
1111011101000010
1111011110110100
1111100001000000
1111100011011110
1111100110000100
1111101000110001
1111101011101100
1111101111000100
1111110011001010
1111111000001100
1111111110010010
0000000101010011
0000001100110110
0000010100010110
0000011011010001
0000100001001000
0000100101101110
0000101001010000
0000101100010001
0000101111011101
0000110011011111
0000111000111010
0000111111111001
0001001000001000
0001010000111110
0001011001100111
0001100001001001
0001100110111001
0001101010100001
0001101100000110
0001101100000000
0001101010110101
0001101001001101
0001100111100010
0001100101111010
0001100100001100
0001100010000110
0001011111010011
0001011011101010
0001010111010010
0001010010100000
0001001101101001
0001001000111101
0001000100100001
0001000000000110
0000111011010000
0000110101100011
0000101110101111
0000100110110100
0000011110001000
0000010101011000
0000001101011000
0000000110110011
0000000010000001
1111111111000100
1111111101011101
1111111100011100
1111111011001000
1111111000111000
1111110101010111
1111110000101011
1111101011011001
1111100110010010
1111100010000111
1111011111010110
1111011110001010
1111011110010111
1111011111011011
1111100000110110
1111100010001100
1111100011001110
1111100011111001
1111100100011001
1111100100111101
1111100101110000
1111100110110111
1111101000001111
1111101001110010
1111101011010001
1111101100100111
1111101101110100
1111101111000000
1111110000011011
1111110010011001
1111110101001100
1111111000111001
1111111101010110
0000000010001100
0000000110111001
0000001010110101
0000001101100100
0000001110111110
0000001111010001
0000001110111101
0000001110110011
0000001111100100
0000010001110011
0000010101101100
0000011011000010
0000100001010011
0000100111101001
0000101101010001
0000110001100100
0000110100001101
0000110101010000
0000110101001000
0000110100011011
0000110011101111
0000110011011011
0000110011100110
0000110100000101
0000110100100010
0000110100100110
0000110100001000
0000110011001100
0000110001111110
0000110000110011
0000101111110101
0000101111000001
0000101110000001
0000101100010101
0000101001011110
0000100101000101
0000011111001000
0000011000000100
0000010000100100
0000001001011101
0000000011100001
1111111111010000
1111111100101100
1111111011011000
1111111010101000
1111111001100101
1111110111100010
1111110100001000
1111101111100010
1111101010001111
1111100100111111
1111100000011111
1111011101010010
1111011011011100
1111011010101111
1111011010101101
1111011010110011
1111011010100110
1111011001110101
1111011000100101
1111010111000011
1111010101011101
1111010100000100
1111010011000000
1111010010001111
1111010001101000
1111010001000011
1111010000011101
1111001111110101
1111001111011000
1111001111011100
1111010000011000
1111010010011110
1111010101110011
1111011010010001
1111011111011011
1111100100101011
1111101001011010
1111101101001010
1111101111101110
1111110001010001
1111110010010100
1111110011100100
1111110101101110
1111111001010100
1111111110100100
0000000101001110
0000001100101110
0000010100010010
0000011011001000
0000100000100011
0000100100001111
0000100110001111
0000100110111101
0000100110111001
0000100110100111
0000100110100000
0000100110101001
0000100110110011
0000100110101101
0000100110000110
0000100100110110
0000100011000100
0000100001000100
0000011111001011
0000011101100100
0000011100001100
0000011010110000
0000011000110000
0000010101101010
0000010001001010
0000001011010001
0000000100010101
1111111101000000
1111110110001001
1111110000011101
1111101100011000
1111101001111010
1111101000101100
1111100111111100
1111100110110101
1111100100101010
1111100001000111
1111011100010000
1111010110100110
1111010000111000
1111001011110100
1111000111111000
1111000101001101
1111000011101011
1111000010110100
1111000010001011
1111000001011000
1111000000010001
1110111110111010
1110111101011110
1110111100010000
1110111011011111
1110111011001111
1110111011011100
1110111100000010
1110111100110011
1110111101100111
1110111110100000
1110111111101000
1111000001001110
1111000011100100
1111000110111011
1111001011010111
1111010000101011
1111010110011010
1111011011111111
1111100000110011
1111100100010100
1111100110011010
1111100111010010
1111100111011111
1111100111101111
1111101000110100
1111101011010101
1111101111011111
1111110101000111
1111111011101110
0000000010100100
0000001000110100
0000001101110110
0000010001010111
0000010011011000
0000010100010000
0000010100100110
0000010100111100
0000010101101000
0000010110101101
0000011000000010
0000011001010000
0000011010000010
0000011010001101
0000011001111000
0000011001010001
0000011000101001
0000011000001101
0000010111111000
0000010111010011
0000010101111111
0000010011011100
0000001111010101
0000001001101001
0000000010101111
1111111011010101
1111110100001110
1111101110001010
1111101001101001
1111100110101110
1111100101000010
1111100011110101
1111100010011000
1111011111111101
1111011100010000
1111010111010111
1111010001110110
1111001100011010
1111000111110001
1111000100011011
1111000010100110
1111000010000001
1111000010010011
1111000010111100
1111000011100011
1111000011111001
1111000100000000
1111000100000111
1111000100011100
1111000101001010
1111000110011001
1111001000000101
1111001010000101
1111001100001101
1111001110011000
1111010000101000
1111010011000011
1111010101111101
1111011001101101
1111011110100011
1111100100100011
1111101011100101
1111110011001110
1111111010111001
0000000001111101
0000000111111101
0000001100101100
0000010000010010
0000010011001110
0000010110001101
0000011001111010
0000011110110101
0000100101001100
0000101100110110
0000110101001111
0000111101100111
0001000101001100
0001001011010011
0001001111100101
0001010001111111
0001010010111010
0001010010110011
0001010010001001
0001010001010010
0001010000010100
0001001111000011
0001001101001101
0001001010100100
0001000111000110
0001000010111111
0000111110100101
0000111010010100
0000110110011110
0000110011000001
0000101111101111
0000101100001011
0000100111110011
0000100010010001
0000011011100101
0000010100000001
0000001100001101
0000000100111001
1111111110110100
1111111010011010
1111110111101100
1111110110010001
1111110101011111
1111110100100001
1111110010101101
1111101111101111
1111101011110010
1111100111010100
1111100011000010
1111011111101100
1111011101101111
1111011101010010
1111011110001000
1111011111111000
1111100001111111
1111100100000010
1111100101110110
1111100111011011
1111101000111001
1111101010011101
1111101100010011
1111101110011101
1111110000110101
1111110011010001
1111110101100110
1111110111101011
1111111001100000
1111111011010010
1111111101010100
1111111111111101
0000000011011110
0000001000000001
0000001101011100
0000010011010100
0000011001000011
0000011110000110
0000100001111100
0000100100011001
0000100101101010
0000100110001111
0000100110110100
0000101000000101
0000101010100111
0000101110101011
0000110100000100
0000111010010101
0001000000110001
0001000110101000
0001001011010010
0001001110011100
0001010000001011
0001010000110101
0001010000111100
0001010001000011
0001010001100001
0001010010010101
0001010011010100
0001010100001001
0001010100100000
0001010100001111
0001010011011110
0001010010011111
0001010001100100
0001010000111001
0001010000011011
0001001111110110
0001001110101000
0001001100001110
0001001000010110
0001000010111010
0000111100001110
0000110100111110
0000101101111100
0000100111110110
0000100011001010
0000011111111101
0000011101111011
0000011100010110
0000011010011111
0000010111110001
0000010011110111
0000001110111010
0000001001011001
0000000100000000
1111111111011000
1111111011111001
1111111001101100
1111111000011111
1111110111110111
1111110111010010
1111110110011011
1111110101000100
1111110011001101
1111110001000010
1111101110110101
1111101100101111
1111101010110110
1111101001001001
1111100111100011
1111100101111000
1111100100000110
1111100010010100
1111100000101110
1111011111101001
1111011111011101
1111100000011111
1111100010110100
1111100110001111
1111101010011010
1111101110101101
1111110010100000
1111110101010110
1111110111000010
1111110111101111
1111110111111000
1111111000001000
1111111001001101
1111111011100101
1111111111011111
0000000100110010
0000001010111111
0000010001010110
0000010111000101
0000011011100100
0000011110011101
0000011111110000
0000011111110011
0000011111001000
0000011110010000
0000011101011101
0000011100110101
0000011100001100
0000011011001101
0000011001101000
0000010111011011
0000010100101111
0000010001110110
0000001111001001
0000001100110110
0000001010111010
0000001001000000
0000000110101010
0000000011011010
1111111110110101
1111111000111000
1111110001111001
1111101010011111
1111100011011001
1111011101010011
1111011000101100
1111010101100101
1111010011100010
1111010001111010
1111001111111011
1111001100111001
1111001000100010
1111000011000000
1110111100110100
1110110110101010
1110110001001110
1110101101000001
1110101010001010
1110101000011011
1110100111011100
1110100110101111
1110100101111001
1110100100110000
1110100011011000
1110100001111101
1110100000101111
1110011111111100
1110011111101100
1110011111111011
1110100000100000
1110100001010000
1110100010000011
1110100010111001
1110100011111001
1110100101011000
1110100111101000
1110101010111000
1110101111001011
1110110100010110
1110111001111011
1110111111010100
1111000011111011
1111000111010110
1111001001011010
1111001010010100
1111001010101000
1111001011000100
1111001100010100
1111001110111101
1111010011010000
1111011001000100
1111011111111000
1111100111000011
1111101101110100
1111110011100010
1111110111111001
1111111010111101
1111111101000101
1111111110101111
0000000000011011
0000000010011111
0000000100111001
0000000111011000
0000001001101000
0000001011010100
0000001100010011
0000001100101001
0000001100101000
0000001100100101
0000001100101010
0000001100110100
0000001100110100
0000001100001011
0000001010011000
0000000111001010
0000000010011111
1111111100101011
1111110110010101
1111110000010010
1111101011001110
1111100111100111
1111100101100000
1111100100100100
1111100100000111
1111100011010101
1111100001100110
1111011110101001
1111011010100100
1111010101110101
1111010001001100
1111001101010110
1111001010110001
1111001001100111
1111001001101111
1111001010110000
1111001100001010
1111001101100110
1111001110110110
1111001111111000
1111010000110100
1111010001111001
1111010011010000
1111010100111110
1111010110111111
1111011001001100
1111011011011101
1111011101101001
1111011111110101
1111100010010000
1111100101001011
1111101000111100
1111101101110110
1111110011111111
1111111011001000
0000000010110111
0000001010100110
0000010001101111
0000010111110010
0000011100100110
0000100000010110
0000100011011111
0000100110101010
0000101010100100
0000101111101110
0000110110010100
0000111110001010
0001000110110011
0001001111011110
0001010111010101
0001011101110000
0001100010010111
0001100101001000
0001100110011000
0001100110101001
0001100110011001
0001100101111011
0001100101010010
0001100100010110
0001100010110011
0001100000011010
0001011101001100
0001011001010110
0001010101001110
0001010001001100
0001001101100011
0001001010010010
0001000111000110
0001000011100010
0000111111001000
0000111001100000
0000110010100101
0000101010101011
0000100010011001
0000011010100000
0000010011101001
0000001110010101
0000001010100101
0000001000000000
0000000101111100
0000000011101010
0000000000100001
1111111100001111
1111110111000000
1111110001010111
1111101100000010
1111100111101100
1111100100110101
1111100011100111
1111100011110011
1111100100111101
1111100110101000
1111101000011001
1111101001111100
1111101011010001
1111101100011111
1111101101101111
1111101111000111
1111110000101011
1111110010010111
1111110100000000
1111110101011010
1111110110100011
1111110111011110
1111111000011000
1111111001100101
1111111011011111
1111111110010110
0000000010001110
0000000110111011
0000001100000011
0000010000111110
0000010101000110
0000010111111111
0000011001100000
0000011001110011
0000011001011001
0000011000111111
0000011001010001
0000011010110100
0000011101111011
0000100010100001
0000101000001001
0000101110001000
0000110011110000
0000111000011011
0000111011101111
0000111101101111
0000111110110000
0000111111001111
0000111111101010
0001000000010010
0001000001001011
0001000010000110
0001000010101111
0001000010110111
0001000010011011
0001000001100001
0001000000011100
0000111111100000
0000111110110110
0000111110011000
0000111101110001
0000111100100001
0000111010000101
0000110110000111
0000110000100101
0000101001110100
0000100010011110
0000011011010101
0000010101001101
0000010000100011
0000001101011011
0000001011100001
0000001010001010
0000001000100101
0000000110000111
0000000010011110
1111111101110001
1111111000011100
1111110011001001
1111101110100010
1111101011000010
1111101000101110
1111100111011101
1111100110110101
1111100110010110
1111100101101000
1111100100100000
1111100010111110
1111100001001010
1111011111010011
1111011101100101
1111011100000110
1111011010110001
1111011001100001
1111011000010000
1111010110111000
1111010101100000
1111010100011000
1111010011111000
1111010100010111
1111010110001000
1111011001010010
1111011101100111
1111100010100111
1111100111101100
1111101100010000
1111101111110010
1111110010000101
1111110011010101
1111110100000001
1111110100101111
1111110110001011
1111111000111100
1111111101010000
0000000010111111
0000001001101110
0000010000110010
0000010111011001
0000011100111000
0000100000111001
0000100011011101
0000100100110100
0000100101011100
0000100101110100
0000100110001111
0000100110101101
0000100111000110
0000100111001010
0000100110101010
0000100101100101
0000100100001000
0000100010101000
0000100001010110
0000100000011111
0000011111111110
0000011111011100
0000011110010111
0000011100001100
0000011000100111
0000010011100000
0000001101001100
0000000110010010
1111111111100111
1111111001110101
1111110101011011
1111110010100000
1111110000101011
1111101111010001
1111101101100001
1111101010110110
1111100110111100
1111100001111001
1111011100001101
1111010110100010
1111010001100010
1111001101101000
1111001011000000
1111001001100000
1111001000110000
1111001000010101
1111000111111100
1111000111010111
1111000110100101
1111000101110001
1111000101001001
1111000100110100
1111000100110101
1111000101001010
1111000101101010
1111000110000111
1111000110011110
1111000110110010
1111000111010000
1111001000001011
1111001001111101
1111001100110110
1111010000111001
1111010101110111
1111011011010110
1111100000101110
1111100101010100
1111101000101011
1111101010101010
1111101011011010
1111101011010111
1111101011010000
1111101011110100
1111101101100110
1111110000111100
1111110101110110
1111111011111011
0000000010011111
0000001000110110
0000001110011000
0000010010101100
0000010101110000
0000010111110110
0000011001011001
0000011010110011
0000011100010010
0000011101110111
0000011111010010
0000100000010000
0000100000100001
0000100000000110
0000011111000111
0000011101111001
0000011100110100
0000011100000101
0000011011101000
0000011011000111
0000011010000100
0000010111111011
0000010100010001
0000001111000100
0000001000101000
0000000001100011
1111111010100110
1111110100100010
1111101111111000
1111101100101010
1111101010100100
1111101000111100
1111100111000101
1111100100010100
1111100000011000
1111011011011100
1111010101111110
1111010000100101
1111001011111101
1111001000100100
1111000110100010
1111000101101011
1111000101101011
1111000110000101
1111000110100000
1111000110110001
1111000110111001
1111000111000000
1111000111010000
1111000111110011
1111001000101111
1111001001111011
1111001011001110
1111001100011111
1111001101101000
1111001110101100
1111001111111011
1111010001101101
1111010100011101
1111011000011011
1111011101101111
1111100100001111
1111101011011100
1111110010101111
1111111001100010
1111111111010110
0000000011111100
0000000111011100
0000001010010011
0000001101000111
0000010000100000
0000010101000000
0000011010111011
0000100010001000
0000101010001011
0000110010011010
0000111010000100
0001000000011100
0001000101001010
0001001000001110
0001001001110110
0001001010011110
0001001010100000
0001001010010000
0001001001101101
0001001000101111
0001000111001000
0001000100110000
0001000001100111
0000111101111101
0000111010001110
0000110110101111
0000110011101101
0000110001000110
0000101110100110
0000101011101011
0000100111110000
0000100010100000
0000011011110110
0000010100000001
0000001011101011
0000000011100110
1111111100100010
1111110110111110
1111110011000001
1111110000011000
1111101110011011
1111101100011010
1111101001110000
1111100110001011
1111100001110010
1111011100111111
1111011000100000
1111010100111010
1111010010100111
1111010001110010
1111010010010001
1111010011101011
1111010101100001
1111010111011101
1111011001010010
1111011010111100
1111011100100010
1111011110001110
1111100000001001
1111100010010010
1111100100100011
1111100110110010
1111101000110011
1111101010011100
1111101011110011
1111101101000111
1111101110101101
1111110000111110
1111110100001111
1111111000101000
1111111101111011
0000000011101110
0000001001011110
0000001110100011
0000010010011101
0000010101000010
0000010110011100
0000010111000110
0000010111100110
0000011000101100
0000011010111100
0000011110100111
0000100011101101
0000101001111000
0000110000011110
0000110110110001
0000111100001101
0001000000011101
0001000011011111
0001000101100011
0001000111001000
0001001000100111
0001001010001101
0001001011111010
0001001101100011
0001001110110011
0001001111011101
0001001111011111
0001001111000110
0001001110100010
0001001110000111
0001001110000001
0001001110001010
0001001110001010
0001001101011111
0001001011101010
0001001000010010
0001000011010010
0000111100111110
0000110110000000
0000101111001011
0000101001001101
0000100100101011
0000100001101001
0000011111110011
0000011110100001
0000011101000101
0000011010111000
0000010111100011
0000010011001101
0000001110010001
0000001001010100
0000000100111010
0000000001100000
1111111111001100
1111111101110001
1111111100111001
1111111100001010
1111111011001110
1111111001111001
1111111000001011
1111110110001111
1111110100010010
1111110010011011
1111110000110010
1111101111010001
1111101101101111
1111101100000001
1111101010000110
1111101000000010
1111100110000110
1111100100101011
1111100100001111
1111100101000100
1111100111010000
1111101010101000
1111101110110010
1111110011000011
1111110110110110
1111111001101100
1111111011011000
1111111011111111
1111111011111111
1111111011111111
1111111100101001
1111111110011101
0000000001110001
0000000110100001
0000001100010011
0000010010011100
0000011000010010
0000011101001011
0000100000110000
0000100011000001
0000100100010001
0000100100111000
0000100101001111
0000100101100111
0000100110000001
0000100110001110
0000100101111110
0000100101000110
0000100011100110
0000100001101000
0000011111100011
0000011101101111
0000011100010101
0000011011010001
0000011010001111
0000011000101110
0000010110001001
0000010010000110
0000001100011111
0000000101100111
1111111110000000
1111110110011110
1111101111110011
1111101010011011
1111100110011110
1111100011101010
1111100001010110
1111011110110011
1111011011011010
1111010110111011
1111010001011100
1111001011010110
1111000101010100
1110111111111110
1110111011101110
1110111000101101
1110110110110010
1110110101101001
1110110100110100
1110110100000000
1110110011000001
1110110001111010
1110110000110000
1110101111110100
1110101111010001
1110101111001001
1110101111010110
1110101111101111
1110110000001001
1110110000011010
1110110000100100
1110110000111000
1110110001101010
1110110011010001
1110110101111101
1110111001110100
1110111110100101
1111000011110011
1111001000110111
1111001101001010
1111010000001111
1111010001111011
1111010010011010
1111010010001011
1111010001110110
1111010010001010
1111010011110001
1111010110111111
1111011011110100
1111100001111010
1111101000101011
1111101111011001
1111110101011011
1111111010011011
1111111110010111
0000000001011011
0000000011111110
0000000110011001
0000001000110101
0000001011001111
0000001101011001
0000001111000011
0000010000000000
0000010000001111
0000001111111111
0000001111100110
0000001111011000
0000001111100000
0000001111111100
0000010000010100
0000010000000101
0000001110101111
0000001011111001
0000000111011011
0000000001101000
1111111011001000
1111110100101110
1111101111000110
1111101010110000
1111100111110110
1111100110000001
1111100100101011
1111100011001000
1111100000110101
1111011101100000
1111011001001110
1111010100011111
1111001111111001
1111001100000010
1111001001010101
1111000111111100
1111000111101111
1111001000010100
1111001001010101
1111001010011101
1111001011011101
1111001100010101
1111001101001101
1111001110010001
1111001111100111
1111010001010010
1111010011001101
1111010101001110
1111010111000111
1111011000110100
1111011010011100
1111011100001101
1111011110011110
1111100001101011
1111100110001010
1111101011111100
1111110010111000
1111111010100100
0000000010010111
0000001001101011
0000010000000010
0000010101010000
0000011001011001
0000011100110101
0000100000001010
0000100100000000
0000101000110101
0000101110111011
0000110110001110
0000111110010101
0001000110100100
0001001110001100
0001010100101000
0001011001011111
0001011100110000
0001011110101101
0001011111110010
0001100000010110
0001100000101001
0001100000101110
0001100000011010
0001011111011110
0001011101110010
0001011011011010
0001011000100011
0001010101100100
0001010010110011
0001010000011110
0001001110011101
0001001100011010
0001001001110111
0001000110001111
0001000001001000
0000111010011111
0000110010101000
0000101010001000
0000100001110001
0000011010010101
0000010100010100
0000001111110001
0000001100011010
0000001001101011
0000000110110111
0000000011011000
1111111111000000
1111111001111000
1111110100011001
1111101111001010
1111101010110001
1111100111101011
1111100101111101
1111100101011101
1111100101111000
1111100110110100
1111100111111000
1111101000111000
1111101001110011
1111101010101111
1111101011110011
1111101101000111
1111101110101110
1111110000011110
1111110010001001
1111110011100101
1111110100101000
1111110101010100
1111110101111001
1111110110101110
1111111000001110
1111111010101010
1111111110001011
0000000010100110
0000000111011111
0000001100010001
0000010000011001
0000010011011010
0000010101000110
0000010101100110
0000010101010110
0000010100111100
0000010101000000
0000010110001011
0000011000110000
0000011100110000
0000100001110100
0000100111011010
0000101100110111
0000110001100100
0000110101001110
0000110111110111
0000111001101100
0000111011000100
0000111100011001
0000111101110110
0000111111010111
0001000000101111
0001000001101110
0001000010001001
0001000001111101
0001000001010110
0001000000101011
0001000000001100
0001000000000000
0001000000000011
0000111111111111
0000111111010001
0000111101010101
0000111001110101
0000110100101110
0000101110010010
0000100111001000
0000100000001000
0000011001111111
0000010101001101
0000010001111001
0000001111110000
0000001110001010
0000001100010111
0000001001110100
0000000110001101
0000000001100100
1111111100010011
1111110110111111
1111110010001100
1111101110010001
1111101011011000
1111101001011000
1111100111111101
1111100110101110
1111100101011001
1111100011110101
1111100001111111
1111100000000010
1111011110001011
1111011100100100
1111011011001110
1111011010000100
1111011000111101
1111010111101100
1111010110001010
1111010100100000
1111010010111101
1111010001111010
1111010001110001
1111010010111011
1111010101011101
1111011001001010
1111011101101001
1111100010010100
1111100110100011
1111101001110101
1111101011111111
1111101101000100
1111101101011010
1111101101100110
1111101110010001
1111101111111111
1111110011000011
1111110111011110
1111111100111100
0000000010111001
0000001000100111
0000001101100110
0000010001100000
0000010100010001
0000010110001010
0000010111100011
0000011000110001
0000011001111111
0000011011001101
0000011100010000
0000011100110111
0000011100110110
0000011100010010
0000011011010111
0000011010010111
0000011001100110
0000011001010000
0000011001010000
0000011001001101
0000011000100111
0000010110111101
0000010011110100
0000001111000010
0000001000111011
0000000010000011
1111111011001011
1111110101000010
1111110000001000
1111101100100100
1111101010000011
1111100111111111
1111100101101111
1111100010101101
1111011110100100
1111011001011101
1111010011110010
1111001110000101
1111001000111101
1111000100110111
1111000001111011
1111000000000001
1110111110111001
1110111110001100
1110111101100110
1110111100111100
1110111100010000
1110111011101100
1110111011011000
1110111011011111
1110111100000010
1110111100111010
1110111101111010
1110111110110010
1110111111011110
1110111111111011
1111000000011000
1111000001001011
1111000010101110
1111000101010010
1111001000111100
1111001101100010
1111010010101001
1111010111101010
1111011100000001
1111011111010011
1111100001010011
1111100010000111
1111100010001011
1111100010000110
1111100010100011
1111100100000111
1111100111001011
1111101011110000
1111110001100001
1111110111111011
1111111110010011
0000000100000101
0000001000110111
0000001100101001
0000001111101001
0000010010001011
0000010100100001
0000010110111001
0000011001001111
0000011011010100
0000011100111001
0000011101110100
0000011110000100
0000011101110111
0000011101100001
0000011101011001
0000011101100111
0000011110000101
0000011110100001
0000011110011001
0000011101001000
0000011010010100
0000010101111001
0000010000000110
0000001001100000
0000000010111001
1111111101000001
1111111000010101
1111110100111100
1111110010100101
1111110000101011
1111101110100001
1111101011100101
1111100111100111
1111100010101101
1111011101010000
1111010111111000
1111010011001001
1111001111011111
1111001101000010
1111001011101100
1111001011001101
1111001011001011
1111001011010100
1111001011011110
1111001011100111
1111001011110110
1111001100010101
1111001101001101
1111001110011100
1111001111111010
1111010001011011
1111010010110011
1111010011111001
1111010100110100
1111010101110110
1111010111011011
1111011001111101
1111011101110010
1111100011000101
1111101001101000
1111110001000001
1111111000101010
1111111111111111
0000000110011100
0000001011110001
0000010000000001
0000010011011111
0000010110101000
0000011010000011
0000011110010001
0000100011100101
0000101001111101
0000110001000110
0000111000011101
0000111111010110
0001000101010000
0001001001110111
0001001101001011
0001001111010111
0001010000110011
0001010001110101
0001010010100110
0001010011000100
0001010011000110
0001010010011101
0001010001000001
0001001110110110
0001001100001100
0001001001011011
0001000110110111
0001000100101011
0001000010110110
0001000001000001
0000111110101010
0000111011010010
0000110110011111
0000110000001011
0000101000100101
0000100000010111
0000011000010001
0000010001000000
0000001011000100
0000000110100110
0000000011010011
0000000000100101
1111111101110100
1111111010011110
1111110110010000
1111110001010000
1111101011111010
1111100110110001
1111100010010111
1111011111000111
1111011101001100
1111011100011101
1111011100100101
1111011101010001
1111011110001011
1111011111001000
1111100000000101
1111100001001010
1111100010011111
1111100100001000
1111100110000011
1111101000001001
1111101010001000
1111101011110000
1111101100111100
1111101101110000
1111101110011010
1111101111010100
1111110000111011
1111110011100100
1111110111010011
1111111100000000
0000000001010000
0000000110100000
0000001011000111
0000001110101011
0000010000111111
0000010010000110
0000010010010111
0000010010010110
0000010010101110
0000010100000001
0000010110100111
0000011010100100
0000011111100101
0000100101001001
0000101010101010
0000101111100111
0000110011101010
0000110110110011
0000111001010001
0000111011011001
0000111101011100
0000111111100100
0001000001101110
0001000011101011
0001000101001001
0001000101111111
0001000110001111
0001000110000101
0001000101110100
0001000101110001
0001000110000111
0001000110101110
0001000111010001
0001000111010000
0001000110000111
0001000011011100
0000111111001010
0000111001100100
0000110011001110
0000101100111010
0000100111010111
0000100011000100
0000100000000111
0000011110001101
0000011100110011
0000011011001100
0000011000110010
0000010101010011
0000010000110100
0000001011101011
0000000110011000
0000000001011111
1111111101011011
1111111010010011
1111111000000001
1111110110010110
1111110100111100
1111110011100001
1111110001111010
1111110000001011
1111101110011010
1111101100101111
1111101011010101
1111101010001100
1111101001001100
1111101000000110
1111100110110011
1111100101001011
1111100011010100
1111100001100010
1111100000010010
1111011111111110
1111100000111100
1111100011010100
1111100110111001
1111101011001111
1111101111110000
1111110011110110
1111110111000010
1111111001000011
1111111001111101
1111111010001000
1111111010000011
1111111010010111
1111111011101001
1111111110001110
0000000010000110
0000000110111110
0000001100010110
0000010001100101
0000010110000111
0000011001101010
0000011100001110
0000011101111111
0000011111010001
0000100000011011
0000100001100101
0000100010101100
0000100011100011
0000100011111101
0000100011110001
0000100010111110
0000100001110011
0000100000100111
0000011111101101
0000011111001101
0000011111000101
0000011110111111
0000011110010111
0000011100101011
0000011001100010
0000010100110011
0000001110101101
0000000111110100
0000000000111010
1111111010101011
1111110101100101
1111110001101111
1111101110111010
1111101100100000
1111101001110111
1111100110011110
1111100010000010
1111011100100110
1111010110100000
1111010000010101
1111001010100110
1111000101101101
1111000001110111
1110111111000011
1110111101000001
1110111011011101
1110111010001001
1110111000111101
1110110111111000
1110110111000010
1110110110100111
1110110110101011
1110110111001101
1110111000000010
1110111000111010
1110111001100100
1110111001110100
1110111001101111
1110111001100100
1110111001101010
1110111010011110
1110111100010111
1110111111011010
1111000011011111
1111001000001011
1111001100111110
1111010001010000
1111010100100011
1111010110101010
1111010111101000
1111010111110000
1111010111100110
1111010111110101
1111011001000001
1111011011100000
1111011111011010
1111100100011110
1111101010001011
1111101111111001
1111110101001001
1111111001101000
1111111101001111
0000000000001101
0000000010110101
0000000101011000
0000000111111010
0000001010011001
0000001100100110
0000001110010000
0000001111001101
0000001111100001
0000001111011001
0000001111001010
0000001111000111
0000001111011110
0000010000001010
0000010000110011
0000010000111011
0000001111111111
0000001101100011
0000001001011100
0000000011111101
1111111101101001
1111110111001100
1111110001010101
1111101100100011
1111101000111111
1111100110010110
1111100100001010
1111100001110010
1111011110101110
1111011010101010
1111010101101110
1111010000010010
1111001010110110
1111000101111100
1111000010000010
1110111111010000
1110111101100010
1110111100101000
1110111100010000
1110111100000110
1110111011111110
1110111011111010
1110111100000000
1110111100010111
1110111101000110
1110111110001110
1110111111100101
1111000000111100
1111000010000111
1111000011000011
1111000011110011
1111000100101011
1111000110001000
1111001000101000
1111001100100001
1111010001111001
1111011000100111
1111100000010001
1111101000001101
1111101111110111
1111110110101101
1111111100011101
0000000001000010
0000000100101111
0000001000000011
0000001011100000
0000001111101001
0000010100110011
0000011011000000
0000100001111110
0000101001001100
0000110000000111
0000110110001011
0000111011000110
0000111110111000
0001000001101110
0001000011111010
0001000101101110
0001000111010100
0001001000101001
0001001001011110
0001001001100111
0001001000111110
0001000111100110
0001000101101100
0001000011101010
0001000001110101
0001000000010111
0000111111001101
0000111110000100
0000111100011100
0000111001110001
0000110101101010
0000110000000011
0000101001001100
0000100001101000
0000011010001001
0000010011011100
0000001101111110
0000001001110110
0000000110110011
0000000100010101
0000000001110001
1111111110100111
1111111010101001
1111110101111011
1111110000110011
1111101011110101
1111100111100101
1111100100011001
1111100010011011
1111100001101010
1111100001110101
1111100010100110
1111100011101100
1111100100111100
1111100110010101
1111100111111001
1111101001110001
1111101100000011
1111101110101000
1111110001010100
1111110011110111
1111110110000010
1111110111101000
1111111000101111
1111111001101010
1111111010110011
1111111100100110
1111111111011010
0000000011011010
0000001000011000
0000001101111100
0000010011100001
0000011000100011
0000011100100001
0000011111001100
0000100000100110
0000100001000101
0000100001001000
0000100001011010
0000100010100001
0000100100110100
0000101000011000
0000101100111111
0000110010001100
0000110111011000
0000111100000101
0001000000000010
0001000011001110
0001000101110010
0001001000000010
0001001010010001
0001001100100001
0001001110101110
0001010000101010
0001010010000110
0001010010110110
0001010010111100
0001010010101001
0001010010001111
0001010010000100
0001010010010010
0001010010111001
0001010011011111
0001010011100101
0001010010100111
0001010000001101
0001001100001101
0001000110111001
0001000000110111
0000111010110101
0000110101100000
0000110001010110
0000101110011101
0000101100100100
0000101011000100
0000101001010101
0000100110110101
0000100011001111
0000011110100101
0000011001001101
0000010011100110
0000001110010000
0000001001100100
0000000101110000
0000000010101110
0000000000001111
1111111110000100
1111111011111101
1111111001101110
1111110111011000
1111110101000110
1111110011000001
1111110001001110
1111101111110000
1111101110011111
1111101101001100
1111101011101000
1111101001101110
1111100111100100
1111100101011010
1111100011101011
1111100010110111
1111100011010101
1111100101001010
1111101000001110
1111101100001001
1111110000010101
1111110100001001
1111110111001001
1111111001000011
1111111001110011
1111111001101101
1111111001010001
1111111001000111
1111111001101110
1111111011011110
1111111110011100
0000000010010110
0000000110101100
0000001010111110
0000001110101101
0000010001100110
0000010011101001
0000010101000110
0000010110001111
0000010111010011
0000011000011001
0000011001011110
0000011010010011
0000011010101001
0000011010011000
0000011001100011
0000011000010110
0000010111000111
0000010110001010
0000010101101011
0000010101100011
0000010101011110
0000010100111011
0000010011010101
0000010000010000
0000001011100011
0000000101100000
1111111110101000
1111110111101001
1111110001010001
1111101011111110
1111100111110100
1111100100100011
1111100001101010
1111011110100000
1111011010100011
1111010101100101
1111001111101011
1111001001001010
1111000010100100
1110111100011110
1110110111010001
1110110011001001
1110110000000110
1110101101111100
1110101100011001
1110101011001010
1110101010001010
1110101001010111
1110101000110101
1110101000101101
1110101001000011
1110101001110100
1110101010110001
1110101011101010
1110101100010000
1110101100011001
1110101100000111
1110101011101100
1110101011100111
1110101100010011
1110101110000111
1110110001001101
1110110101011101
1110111010011101
1110111111101000
1111000100011101
1111001000011011
1111001011001110
1111001100111010
1111001101110000
1111001110010000
1111001111000010
1111010000101001
1111010011100000
1111010111101000
1111011100110100
1111100010101001
1111101000100011
1111101110000011
1111110010111001
1111110111000101
1111111010110000
1111111110001001
0000000001100001
0000000100111010
0000001000001101
0000001011001011
0000001101100110
0000001111010100
0000010000010110
0000010000111100
0000010001011100
0000010010001011
0000010011010100
0000010100110110
0000010110011110
0000010111101001
0000010111110001
0000010110011110
0000010011100011
0000001111001100
0000001001111101
0000000100100101
1111111111101101
1111111011110011
1111111001000001
1111110111001001
1111110101101000
1111110011110111
1111110001011001
1111101101111101
1111101001100101
1111100100101000
1111011111101000
1111011011000100
1111010111010110
1111010100101011
1111010010111111
1111010010000010
1111010001100001
1111010001001101
1111010000111011
1111010000101001
1111010000011110
1111010000101000
1111010001001010
1111010010000100
1111010011010000
1111010100011111
1111010101100011
1111010110010110
1111010111000000
1111010111110100
1111011001001100
1111011011101000
1111011111011111
1111100100110111
1111101011100101
1111110011010000
1111111011010011
0000000011000101
0000001010000010
0000001111111000
0000010100100000
0000011000001001
0000011011010000
0000011110011011
0000100010001100
0000100110110111
0000101100100011
0000110011000010
0000111001110101
0001000000011000
0001000110010000
0001001011001011
0001001111000101
0001010010001010
0001010100101100
0001010110111000
0001011000110001
0001011010010010
0001011011010000
0001011011011001
0001011010101000
0001011001000011
0001010110111010
0001010100100010
0001010010010100
0001010000100000
0001001111000010
0001001101100110
0001001011101111
0001001000111011
0001000100101110
0000111111000000
0000111000000010
0000110000010110
0000101000101000
0000100001100100
0000011011101001
0000010110111101
0000010011010001
0000010000000101
0000001100110100
0000001000111110
0000000100010010
1111111110110101
1111111000111111
1111110011001011
1111101101111011
1111101001101011
1111100110100110
1111100100100110
1111100011100001
1111100011000100
1111100010111011
1111100010111100
1111100011000110
1111100011011111
1111100100001010
1111100101001011
1111100110100001
1111100111111110
1111101001001110
1111101010000011
1111101010010110
1111101010001000
1111101001101100
1111101001100001
1111101010000100
1111101011101011
1111101110011111
1111110010011010
1111110111000011
1111111011110110
0000000000010001
0000000011110100
0000000110001011
0000000111010010
0000000111011110
0000000111001100
0000000111000011
0000000111101000
0000001001010101
0000001100010000
0000010000001011
0000010100101110
0000011001010111
0000011101101000
0000100001010001
0000100100001111
0000100110101111
0000101000111101
0000101011000101
0000101101001101
0000101111001100
0000110000110010
0000110001110001
0000110010000011
0000110001101011
0000110000111000
0000110000000010
0000101111100010
0000101111100011
0000110000000000
0000110000101001
0000110000111011
0000110000001110
0000101110001000
0000101010100001
0000100101100101
0000011111110100
0000011001111110
0000010100101110
0000010000100010
0000001101100001
0000001011011110
0000001001110111
0000001000000101
0000000101100111
0000000010001100
1111111101110100
1111111000101111
1111110011011110
1111101110100000
1111101010001010
1111100110101010
1111100011111110
1111100001111100
1111100000001110
1111011110101000
1111011101000011
1111011011011011
1111011001111000
1111011000100101
1111010111100111
1111010110111100
1111010110011010
1111010101110110
1111010101000000
1111010011110010
1111010010010100
1111010000111011
1111010000000100
1111010000001010
1111010001101000
1111010100100100
1111011000110010
1111011101111010
1111100011010111
1111101000100001
1111101100110100
1111101111111110
1111110001111110
1111110011000001
1111110011101000
1111110100011001
1111110101111001
1111111000011111
1111111100001110
0000000000111100
0000000110001010
0000001011010111
0000010000000101
0000010100001000
0000010111011100
0000011010001110
0000011100101110
0000011111001100
0000100001101000
0000100011111100
0000100101111011
0000100111010100
0000100111111101
0000100111111001
0000100111011010
0000100110110011
0000100110011010
0000100110011110
0000100110111110
0000100111100010
0000100111101011
0000100110110101
0000100100100101
0000100000101110
0000011011011110
0000010101011000
0000001111000111
0000001001010011
0000000100011100
0000000000101010
1111111101101100
1111111011000011
1111111000001100
1111110100101000
1111110000000101
1111101010101001
1111100100101011
1111011110101000
1111011001000001
1111010100001111
1111010000100000
1111001101101101
1111001011101000
1111001001111111
1111001000100010
1111000111000110
1111000101101100
1111000100100000
1111000011101011
1111000011010110
1111000011100010
1111000100000101
1111000100101011
1111000101000000
1111000100111100
1111000100011101
1111000011110001
1111000011010010
1111000011100000
1111000100110001
1111000111001111
1111001010111000
1111001111011000
1111010100001111
1111011000111010
1111011100111100
1111100000000010
1111100010001000
1111100011011100
1111100100011100
1111100101101000
1111100111100000
1111101010011011
1111101110011011
1111110011010010
1111111000100011
1111111101110001
0000000010100001
0000000110100011
0000001001111010
0000001100110101
0000001111100100
0000010010010100
0000010101001010
0000010111111111
0000011010100001
0000011100011110
0000011101101101
0000011110001110
0000011110001011
0000011101111010
0000011101110011
0000011110000011
0000011110100111
0000011111001111
0000011111011101
0000011110101111
0000011100101010
0000011001000111
0000010100010110
0000001110110101
0000001001001101
0000000100001001
0000000000000000
1111111100110011
1111111010010010
1111110111111100
1111110101001011
1111110001100000
1111101100110000
1111100111000001
1111100000101011
1111011010001111
1111010100010010
1111001111001111
1111001011010100
1111001000100000
1111000110101000
1111000101010101
1111000100010100
1111000011011011
1111000010100101
1111000001110111
1111000001011011
1111000001011000
1111000001101101
1111000010010000
1111000010110010
1111000011001000
1111000011001001
1111000010111011
1111000010110101
1111000011010110
1111000100111011
1111000111111011
1111001100011111
1111010010011111
1111011001011011
1111100000110001
1111100111111000
1111101110001010
1111110011010000
1111110111000100
1111111001110110
1111111100000000
1111111110001001
0000000000110111
0000000100100010
0000001001010001
0000001110111001
0000010101000001
0000011011001010
0000100000110100
0000100101110001
0000101001111110
0000101101100000
0000110000100011
0000110011010011
0000110101110010
0000110111110110
0000111001010101
0000111010000010
0000111001111001
0000111000111101
0000110111100011
0000110110000101
0000110100111001
0000110100001100
0000110100000000
0000110100000000
0000110011101100
0000110010100100
0000110000001111
0000101100100100
0000100111101111
0000100010010000
0000011100101110
0000010111101110
0000010011101001
0000010000101000
0000001110011111
0000001100110100
0000001011000111
0000001001000001
0000000110010011
0000000010111110
1111111111010011
1111111011101110
1111111000100110
1111110110010000
1111110100111000
1111110100010111
1111110100011011
1111110100101110
1111110100111110
1111110100111101
1111110100101000
1111110100001001
1111110011110000
1111110011100110
1111110011110001
1111110100001111
1111110100110110
1111110101010110
1111110101101010
1111110101110011
1111110101111011
1111110110010011
1111110111001101
1111111000110101
1111111011000111
1111111101111000
0000000000110110
0000000011101000
0000000101110011
0000000111000100
0000000111010100
0000000110101000
0000000101010100
0000000011111101
0000000011001110
0000000011101111
0000000101111011
0000001010000001
0000001111110100
0000010110110101
0000011110011101
0000100110001001
0000101101011010
0000110011111110
0000111001110010
0000111110111010
0001000011010001
0001000110110010
0001001001001110
0001001010011001
0001001010000111
0001001000011011
0001000101101101
0001000010011100
0000111111010001
0000111100110010
0000111011011000
0000111011000011
0000111011011100
0000111011111110
0000111011111000
0000111010011101
0000110111010101
0000110010011110
0000101100001110
0000100101001000
0000011101111011
0000010111001111
0000010001011010
0000001100100011
0000001000011111
0000000100111010
0000000001011110
1111111101111011
1111111010010010
1111110110101111
1111110011100010
1111110001000010
1111101111011010
1111101110100110
1111101110001111
1111101101110111
1111101100111010
1111101010110111
1111100111100000
1111100010111110
1111011101101001
1111011000000110
1111010010111110
1111001110101111
1111001011100101
1111001001011011
1111001000000001
1111000111000011
1111000110010010
1111000101100110
1111000101001010
1111000101001011
1111000101110110
1111000111010110
1111001001110000
1111001100110111
1111010000011000
1111010100000000
1111010111011100
1111011010011101
1111011101000100
1111011111011110
1111100010000001
1111100101000011
1111101000110111
1111101101101000
1111110011001011
1111111001001000
1111111111000010
0000000100011010
0000001000110101
0000001100001010
0000001110100100
0000010000010101
0000010001110000
0000010011001000
0000010100100110
0000010110000001
0000010111001010
0000010111110010
0000010111110001
0000010111001001
0000010110001010
0000010101010011
0000010100111101
0000010101010111
0000010110100000
0000011000000110
0000011001100011
0000011010001110
0000011001101101
0000010111110111
0000010100111000
0000010001010000
0000001101101011
0000001010101101
0000001000100110
0000000111010101
0000000110100011
0000000101101010
0000000100000100
0000000001011011
1111111101101101
1111111001001001
1111110100001111
1111101111101001
1111101011111010
1111101001010011
1111100111111000
1111100111011000
1111100111010011
1111100111000110
1111100110010011
1111100100101110
1111100010011000
1111011111100001
1111011100101000
1111011010001000
1111011000010010
1111010111001100
1111010110110011
1111010110111001
1111010111010010
1111010111111100
1111011001000000
1111011010101100
1111011101010000
1111100000111010
1111100101100110
1111101011000010
1111110000110000
1111110110010000
1111111010111100
1111111110011001
0000000000011101
0000000001010011
0000000001010011
0000000001000101
0000000001011001
0000000010110101
0000000101110100
0000001010011110
0000010000101000
0000010111110111
0000011111100110
0000100111010110
0000101110101100
0000110101011010
0000111011011100
0001000000110101
0001000101101001
0001001001110100
0001001101001110
0001001111110011
0001010001011010
0001010010000111
0001010010001100
0001010010000110
0001010010010011
0001010011001110
0001010101000010
0001010111100100
0001011010010000
0001011100010010
0001011100111011
0001011011100100
0001010111111101
0001010010011001
0001001011100000
0001000100000101
0000111100111000
0000110110011110
0000110001000001
0000101100010110
0000101000000010
0000100011101010
0000011110110101
0000011001010110
0000010011010100
0000001101000001
0000000110110101
0000000001000110
1111111100001001
1111111000000111
1111110100111110
1111110010100111
1111110000110101
1111101111011010
1111101110001010
1111101101000011
1111101100000110
1111101011011010
1111101011000101
1111101011001011
1111101011101110
1111101100100010
1111101101011110
1111101110011011
1111101111010011
1111110000000111
1111110001000001
1111110010010000
1111110011111011
1111110110000111
1111111000110011
1111111011110010
1111111110110001
0000000001011111
0000000011110011
0000000101100111
0000000111000010
0000001000011000
0000001010000001
0000001100010100
0000001111100000
0000010011101010
0000011000101001
0000011110000101
0000100011011101
0000101000010101
0000101100010011
0000101111000111
0000110000101111
0000110001010100
0000110001000010
0000110000000111
0000101110110001
0000101101001010
0000101011010010
0000101001001000
0000100110101101
0000100100000001
0000100001000010
0000011101110100
0000011010011001
0000010110101011
0000010010011101
0000001101011101
0000000111010111
1111111111110110
1111110110110100
1111101100011110
1111100001010001
1111010101110111
1111001011000011
1111000001100100
1110111001110101
1110110011111010
1110101111100010
1110101100001100
1110101001001011
1110100101111010
1110100010000100
1110011101100110
1110011000101011
1110010011101100
1110001111001010
1110001011011110
1110001000110110
1110000111011010
1110000111000111
1110000111110000
1110001001001001
1110001011001001
1110001101101011
1110010000101010
1110010100000010
1110010111101100
1110011011010110
1110011110101001
1110100001001101
1110100010101100
1110100010111000
1110100001110110
1110011111111011
1110011101101001
1110011011100110
1110011010011001
1110011010100001
1110011100000110
1110011111000001
1110100010111011
1110100111010010
1110101011100010
1110101111001110
1110110010001110
1110110100101110
1110110111001001
1110111010001100
1110111110100010
1111000100101000
1111001100100110
1111010110010001
1111100001001010
1111101100100101
1111110111111001
0000000010101011
0000001100101001
0000010101110001
0000011110001010
0000100101111110
0000101101010010
0000110100000100
0000111010001100
0000111111100101
0001000100000101
0001000111101010
0001001010011110
0001001100101111
0001001110101001
0001010000010110
0001010001111000
0001010011000000
0001010011010101
0001010010011111
0001010000001101
0001001100011101
0001000111100101
0001000010010010
0000111101011001
0000111001101100
0000110111101111
0000110111101101
0000111001010010
0000111011110100
0000111110100001
0001000000101001
0001000001101011
0001000001011100
0001000000001010
0000111110001111
0000111100001001
0000111010010100
0000111001000010
0000111000010001
0000110111110110
0000110111100001
0000110111000011
0000110110010011
0000110101010000
0000110100001000
0000110011001000
0000110010011011
0000110010000011
0000110001111011
0000110001110011
0000110001010111
0000110000011010
0000101110111001
0000101100111011
0000101010110011
0000101000111110
0000100111110110
0000100111101011
0000101000100011
0000101010010111
0000101100110001
0000101111010001
0000110001011011
0000110010111100
0000110011101011
0000110011110100
0000110011110011
0000110100001101
0000110101100001
0000111000000101
0000111011111100
0001000000110011
0001000110000101
0001001011001011
0001001111100010
0001010010110011
0001010100110110
0001010101110011
0001010101110111
0001010101001111
0001010100000011
0001010010011000
0001010000001110
0001001101100110
0001001010101110
0001000111111011
0001000101100101
0001000100000101
0001000011100111
0001000100001000
0001000101001011
0001000110000101
0001000110000100
0001000100011011
0001000000101110
0000111010111100
0000110011100010
0000101011010010
0000100011000101
0000011011110001
0000010101111010
0000010001100101
0000001110011101
0000001011111000
0000001001000010
0000000101001010
1111111111110000
1111111000110001
1111110000011011
1111100111010010
1111011110000110
1111010101100000
1111001101111111
1111000111101111
1111000010110010
1110111110111100
1110111011111101
1110111001101110
1110111000001111
1110110111100001
1110110111100101
1110111000010011
1110111001011010
1110111010010101
1110111010011110
1110111001010110
1110110110101110
1110110010101100
1110101101110011
1110101000110101
1110100100100111
1110100001110101
1110100000111001
1110100001110000
1110100011111101
1110100110101110
1110101001001010
1110101010011010
1110101001110011
1110100111000101
1110100010011011
1110011100010111
1110010101101101
1110001111010101
1110001010000100
1110000110010111
1110000100011000
1110000100000100
1110000101000110
1110000111000111
1110001001110110
1110001101001001
1110010000111101
1110010101001110
1110011001110101
1110011110100110
1110100011001001
1110100111000011
1110101010000011
1110101100000010
1110101101000110
1110101101100111
1110101110000111
1110101111000100
1110110000101110
1110110011000110
1110110101111000
1110111000011100
1110111010001000
1110111010011001
1110111000111110
1110110101110100
1110110001001111
1110101011101110
1110100101110000
1110011111101010
1110011001100111
1110010011100100
1110001101010110
1110000110101111
1101111111101001
1101111000001001
1101110000011010
1101101000110101
1101100001110110
1101011011110111
1101010111001000
1101010011110101
1101010001111111
1101010001011110
1101010010001000
1101010011111001
1101010110110010
1101011010111000
1101100000010101
1101100111010001
1101101111101001
1101111001001010
1110000011011001
1110001101110010
1110010111110100
1110100001001000
1110101001101110
1110110001110101
1110111001111000
1111000010010110
1111001011101101
1111010110000110
1111100001011001
1111101101010000
1111111001000101
0000000100001110
0000001110000010
0000010110001000
0000011100011000
0000100000111010
0000100100010000
0000100111000110
0000101010001100
0000101110001100
0000110011100000
0000111010010011
0001000010011001
0001001011011100
0001010101000010
0001011110110111
0001101000101010
0001110010010001
0001111011101101
0010000100111011
0010001101110010
0010010110001001
0010011101110110
0010100100101011
0010101010100011
0010101111100111
0010110100001000
0010111000011011
0010111100110001
0011000001010111
0011000110000010
0011001010011011
0011001101111100
0011010000000010
0011010000010001
0011001110011101
0011001010110110
0011000101111100
0011000000010110
0010111010101010
0010110101010100
0010110000011001
0010101011101101
0010100110111011
0010100001101101
0010011011101111
0010010100111010
0010001101010101
0010000101010111
0001111101011000
0001110101110100
0001101111000011
0001101001010110
0001100100101111
0001100001001101
0001011110101010
0001011100111100
0001011011111001
0001011011100001
0001011011111000
0001011100111110
0001011110101110
0001100000111101
0001100011010000
0001100101000101
0001100101111010
0001100101011010
0001100011011101
0001100000010010
0001011100011011
0001011000100110
0001010101100001
0001010011101100
0001010011011010
0001010100100011
0001010110101001
0001011001000011
0001011011000101
0001011100001000
0001011011110100
0001011010001001
0001010111011010
0001010100000110
0001010000110011
0001001110001011
0001001100100110
0001001100010000
0001001101000101
0001001110111010
0001010001011010
0001010100001101
0001010111000100
0001011001110010
0001011100001010
0001011110000100
0001011111010101
0001011111110011
0001011111010000
0001011101100110
0001011010111001
0001010111010101
0001010011010011
0001001111011000
0001001100001010
0001001010000010
0001001001001011
0001001001011011
0001001010010111
0001001011010001
0001001011011101
0001001010011100
0001000111111100
0001000011111101
0000111110110101
0000111000111111
0000110010110101
0000101100101001
0000100110100110
0000100000101000
0000011010100100
0000010100010010
0000001101101001
0000000110100110
1111111111000111
1111110111001111
1111101111000001
1111100110011100
1111011101011101
1111010100000001
1111001010000100
1110111111100011
1110110100100110
1110101001011100
1110011110011110
1110010100000110
1110001010110000
1110000010101111
1101111100001000
1101110110101111
1101110010010001
1101101110010110
1101101010101010
1101100111000010
1101100011101000
1101100000101110
1101011110101010
1101011101110111
1101011110100111
1101100000110111
1101100100011000
1101101000101101
1101101101001111
1101110001011000
1101110100101100
1101110111000001
1101111000011110
1101111001011000
1101111010001011
1101111011010110
1101111101000011
1101111111001110
1110000001100101
1110000011101001
1110000100111100
1110000101001001
1110000100001101
1110000010010011
1101111111101111
1101111100111111
1101111010011001
1101111000001010
1101110110001110
1101110100011100
1101110010101000
1101110000100110
1101101110011001
1101101100010101
1101101010110110
1101101010011011
1101101011100000
1101101110010001
1101110010100101
1101110111111111
1101111101111010
1110000011110010
1110001001001001
1110001101110111
1110010010000111
1110010110001110
1110011010100011
1110011111010110
1110100100101010
1110101010010000
1110101111101101
1110110100100101
1110111000100010
1110111011010110
1110111101000010
1110111101110100
1110111101111111
1110111101110010
1110111101011001
1110111100111001
1110111100001010
1110111011000011
1110111001011101
1110110111011010
1110110101000110
1110110010111000
1110110001010001
1110110000101101
1110110001100001
1110110011110001
1110110111010101
1110111011110111
1111000000111100
1111000110010001
1111001011101110
1111010001010110
1111010111011011
1111011110010110
1111100110011111
1111110000000000
1111111010111001
0000000110111001
0000010011011100
0000011111110110
0000101011100000
0000110101111001
0000111110110010
0001000110010001
0001001100110001
0001010010111000
0001011001000101
0001011111110010
0001100111000101
0001101110101111
0001110110010100
0001111101010101
0010000011011011
0010001000011001
0010001100010001
0010001111001111
0010010001100011
0010010011010111
0010010100101110
0010010101100101
0010010101110010
0010010101001011
0010010011101110
0010010001100111
0010001111001000
0010001100101010
0010001010101000
0010001001010101
0010001000110010
0010001000110110
0010001001001010
0010001001010100
0010001000111000
0010000111101001
0010000101100110
0010000010111011
0001111111111010
0001111100110101
0001111001111000
0001110110111110
0001110011111001
0001110000010101
0001101011111011
0001100110011100
0001011111111000
0001011000011100
0001010000011111
0001001000011100
0001000000101110
0000111001100101
0000110011000011
0000101100111111
0000100111001101
0000100001011010
0000011011011110
0000010101011101
0000001111101000
0000001010010100
0000000101110110
0000000010011101
0000000000000111
1111111110011110
1111111101001000
1111111011101100
1111111001110111
1111110111100100
1111110101000010
1111110010101110
1111110001000100
1111110000011101
1111110001000111
1111110011000011
1111110101111101
1111111001011011
1111111101000010
0000000000011010
0000000011010101
0000000101110111
0000001000010011
0000001011000000
0000001110011000
0000010010101001
0000010111110100
0000011101100001
0000100011001101
0000101000010010
0000101100001100
0000101110100111
0000101111100110
0000101111011100
0000101110101000
0000101101101000
0000101100110100
0000101100010001
0000101011110001
0000101010111000
0000101001001011
0000100110001110
0000100001110011
0000011011111110
0000010101000011
0000001101010101
0000000101000111
1111111100100111
1111110011110001
1111101010011010
1111100000010011
1111010101010111
1111001001101100
1110111101101001
1110110001110010
1110100110110011
1110011101001101
1110010101010010
1110001111001000
1110001010011110
1110000110110101
1110000011101011
1110000000100100
1101111101001010
1101111001011000
1101110101010101
1101110001010110
1101101101101111
1101101010110101
1101101000110111
1101100111110111
1101100111101100
1101101000000110
1101101000110110
1101101001101011
1101101010011000
1101101010110111
1101101011000100
1101101010111000
1101101010000110
1101101000100001
1101100101111101
1101100010010011
1101011101100111
1101011000001101
1101010010100010
1101001101001001
1101001000100011
1101000101001101
1101000011010100
1101000010110101
1101000011100100
1101000101001100
1101000111010011
1101001001100011
1101001011110111
1101001110010101
1101010001010001
1101010101001100
1101011010101010
1101100010001001
1101101011110001
1101110111011101
1110000100110101
1110010011001111
1110100010000001
1110110000101001
1110111110110000
1111001100001101
1111011001000101
1111100101100101
1111110001110111
1111111101111010
0000001001100100
0000010100100100
0000011110011101
0000100110111011
0000101101110010
0000110011000111
0000110111000110
0000111010000010
0000111100010010
0000111110000001
0000111111001100
0000111111101110
0000111111011111
0000111110011000
0000111100100011
0000111010011100
0000111000100111
0000110111101011
0000111000001001
0000111010010101
0000111110001101
0001000011011101
0001001001100110
0001010000000110
0001010110011100
0001011100001111
0001100001011000
0001100101111001
0001101001111011
0001101101110000
0001110001101010
0001110101110110
0001111010010110
0001111111000111
0010000100000000
0010001000110010
0010001101010010
0010010001011111
0010010101011001
0010011000111111
0010011100010000
0010011111000100
0010100001001010
0010100010001100
0010100001111001
0010100000001011
0010011101001001
0010011001001100
0010010100111001
0010010000111100
0010001101110101
0010001011111010
0010001011010010
0010001011101011
0010001100101001
0010001101101011
0010001110010101
0010001110011000
0010001101110100
0010001101000000
0010001100100010
0010001100111101
0010001110110001
0010010010001110
0010010111001100
0010011101001111
0010100011110000
0010101010000100
0010101111100100
0010110011111001
0010110110111101
0010111000111100
0010111010000110
0010111010101110
0010111011001000
0010111011010110
0010111011010001
0010111010101111
0010111001100100
0010110111101000
0010110100111011
0010110001101010
0010101110000110
0010101010011010
0010100110101011
0010100010110001
0010011110011000
0010011001000101
0010010010100011
0010001010101011
0010000001101000
0001110111110011
0001101101110101
0001100100011000
0001011011110110
0001010100011010
0001001101111010
0001000111111010
0001000001110100
0000111011000011
0000110011010000
0000101010010010
0000100000010100
0000010101110100
0000001011011011
0000000001110001
1111111001010111
1111110010100110
1111101101100011
1111101010000011
1111100111110001
1111100110010110
1111100101010110
1111100100011010
1111100011010011
1111100001110001
1111011111100101
1111011100100101
1111011000101010
1111010011110100
1111001110000111
1111000111110111
1111000001100001
1110111011100100
1110110110011111
1110110010101010
1110110000001101
1110101110111101
1110101110010111
1110101101110011
1110101100011100
1110101001100110
1110100100110110
1110011110001101
1110010110000001
1110001100111110
1110000011111100
1101111011110001
1101110101000010
1101110000000000
1101101100101011
1101101010110100
1101101010000011
1101101010000011
1101101010101000
1101101011101100
1101101101001110
1101101111010000
1101110001101111
1101110100100000
1101110111001110
1101111001100110
1101111011010100
1101111100001110
1101111100011000
1101111100001011
1101111100000000
1101111100010011
1101111101010110
1101111111000100
1110000001000000
1110000010011101
1110000010101000
1110000000111000
1101111100110101
1101110110100100
1101101110100110
1101100101101010
1101011100011111
1101010011101110
1101001011101100
1101000100010100
1100111101010010
1100110110001101
1100101110101010
1100100110010110
1100011101010000
1100010011101000
1100001001111010
1100000000100101
1011111000001111
1011110001010111
1011101100010000
1011101001000010
1011100111110001
1011101000011010
1011101010110111
1011101111000101
1011110101000001
1011111100100010
1100000101010111
1100001111001011
1100011001100011
1100100100000001
1100101110010000
1100111000000111
1101000001101100
1101001011001101
1101010101000110
1101011111110001
1101101011100010
1101111000011000
1110000110000101
1110010100001100
1110100001111100
1110101110100011
1110111001011001
1111000010000110
1111001000100111
1111001101011000
1111010001000111
1111010100101100
1111011000111000
1111011110010000
1111100101000110
1111101101010101
1111110110101010
0000000000110000
0000001011010110
0000010110010010
0000100001100010
0000101101001100
0000111001010011
0001000101110010
0001010010011110
0001011111000100
0001101011001010
0001110110011010
0010000000101101
0010001010000100
0010010010101100
0010011010111011
0010100011001001
0010101011100011
0010110100000100
0010111100011001
0011000100000011
0011001010011010
0011001110111010
0011010001010101
0011010001101100
0011010000010110
0011001101110011
0011001010101110
0011000111100101
0011000100101001
0011000001111001
0010111111001001
0010111011111111
0010111000000011
0010110011000101
0010101101000011
0010100110000101
0010011110100100
0010010110111111
0010001111110110
0010001001100100
0010000100011011
0010000000100101
0001111110000101
0001111100110110
0001111100110111
0001111110000110
0010000000011100
0010000011101011
0010000111100000
0010001011011100
0010001110110111
0010010001010001
0010010010010110
0010010010000000
0010010000011010
0010001110000111
0010001011101110
0010001001110110
0010001000111100
0010001001001101
0010001010100100
0010001100100111
0010001110110001
0010010000011101
0010010001000111
0010010000011000
0010001110001111
0010001010111100
0010000110111110
0010000010111000
0001111111010010
0001111100100100
0001111010111010
0001111010010001
0001111010100001
0001111011010111
0001111100100010
0001111101111000
0001111111010010
0010000000100111
0010000001110000
0010000010100011
0010000010101111
0010000010000011
0010000000010010
0001111101011101
0001111001110000
0001110101101000
0001110001101111
0001101110110000
0001101101001010
0001101101001000
0001101110011101
0001110000100001
0001110010011101
0001110011010101
0001110010011110
0001101111011110
0001101010010110
0001100011100100
0001011011110011
0001010011110010
0001001100001001
0001000101010001
0000111111010001
0000111001111011
0000110100111000
0000101111101011
0000101001110111
0000100011000110
0000011011001110
0000010010010001
0000001000011000
1111111101101101
1111110010100000
1111100110111010
1111011010111111
1111001110110100
1111000010100011
1110110110010101
1110101010011100
1110011111001100
1110010100111000
1110001011101001
1110000011011101
1101111100001011
1101110101100101
1101101111010110
1101101001010010
1101100011011000
1101011101101110
1101011000100011
1101010100001101
1101010001000010
1101001111010001
1101001110111111
1101010000000101
1101010010010001
1101010101000001
1101010111110011
1101011010001100
1101011011110110
1101011100101011
1101011100110110
1101011100101010
1101011100011010
1101011100010011
1101011100011110
1101011100110101
1101011101001000
1101011101001011
1101011100110010
1101011011111010
1101011010100100
1101011000111001
1101010111000100
1101010101000111
1101010010111101
1101010000011111
1101001101100010
1101001001111101
1101000101110011
1101000001011001
1100111101010000
1100111001111101
1100111000001001
1100111000001110
1100111010001110
1100111101110010
1101000010010101
1101000111000111
1101001011011101
1101001110111100
1101010001100100
1101010011101001
1101010101101010
1101011000010000
1101011011111010
1101100000111000
1101100111000111
1101101110010011
1101110101111110
1101111101100001
1110000100011010
1110001010001111
1110001110110010
1110010010000001
1110010100000111
1110010101010100
1110010101111010
1110010110000111
1110010110000111
1110010110000001
1110010101111011
1110010101111100
1110010110010100
1110010111010101
1110011001001011
1110011100000001
1110011111111000
1110100100100011
1110101001110000
1110101111001111
1110110100110010
1110111010011001
1111000000001101
1111000110100110
1111001110000001
1111010110110011
1111100001001010
1111101101000110
1111111010010010
0000001000001101
0000010110010000
0000100011110111
0000110000100101
0000111100001110
0001000110111001
0001010000111010
0001011010100110
0001100100010110
0001101110010111
0001111000101001
0010000011000001
0010001101001110
0010010110111111
0010100000000100
0010101000010010
0010101111101110
0010110110011010
0010111100011011
0011000001110001
0011000110011010
0011001010000110
0011001100100011
0011001101100111
0011001101010001
0011001011101101
0011001001011001
0011000111000010
0011000101010100
0011000100101111
0011000101011101
0011000111010100
0011001001101101
0011001011110011
0011001100111000
0011001100011011
0011001010010011
0011000110101110
0011000010010000
0010111101100110
0010111001010010
0010110101101011
0010110010110101
0010110000100000
0010101110001110
0010101011100000
0010100111111110
0010100011011000
0010011101101100
0010010111001010
0010010000000101
0010001000110010
0010000001100001
0001111010011101
0001110011100100
0001101100101111
0001100101111100
0001011111001111
0001011000110011
0001010010110111
0001001101110010
0001001001110010
0001000110111000
0001000100110110
0001000011010111
0001000001111000
0000111111111010
0000111101001000
0000111001100000
0000110101001111
0000110000110010
0000101100110011
0000101001110111
0000101000011001
0000101000100100
0000101010001111
0000101101000010
0000110000011010
0000110011111000
0000110111000111
0000111001111110
0000111100011111
0000111110110110
0001000001010001
0001000011110100
0001000110011101
0001001001000101
0001001011100001
0001001101101000
0001001111010111
0001010000111000
0001010010010011
0001010011110101
0001010101100101
0001010111100000
0001011001010100
0001011010100100
0001011010110000
0001011001011010
0001010110001101
0001010001001001
0001001010100000
0001000010101110
0000111010010100
0000110001101110
0000101001000110
0000100000010100
0000010111000000
0000001100110110
0000000001100011
1111110101000111
1111100111110110
1111011010010110
1111001101010010
1111000001010000
1110110110101010
1110101101100110
1110100101110011
1110011110110111
1110011000010011
1110010001101111
1110001010111001
1110000011110010
1101111100101010
1101110101110110
1101101111101011
1101101010011111
1101100110011010
1101100011010111
1101100001000110
1101011111010101
1101011101110010
1101011100001111
1101011010101001
1101011001000110
1101010111101010
1101010110010011
1101010100111111
1101010011011111
1101010001011101
1101001110100011
1101001010100010
1101000101010111
1100111111000110
1100111000000110
1100110000111011
1100101010000110
1100100100000111
1100011111010101
1100011011111011
1100011001110000
1100011000100100
1100011000000110
1100011000001001
1100011000100110
1100011001100111
1100011011011110
1100011110011111
1100100010111000
1100101000101111
1100110000000001
1100111000011111
1101000001110111
1101001100000001
1101010110110100
1101100010010000
1101101110011010
1101111011010110
1110001001000000
1110010111001001
1110100101011000
1110110011001100
1110111111111111
1111001011010010
1111010100110110
1111011100101011
1111100010111111
1111101000001111
1111101100111011
1111110001011000
1111110101110000
1111111001111100
1111111101101010
0000000000100001
0000000010001110
0000000010110001
0000000010011001
0000000001100100
0000000000111100
0000000001001010
0000000010101011
0000000101101010
0000001010000001
0000001111011001
0000010101010010
0000011011001001
0000100000101000
0000100101101000
0000101010001010
0000101110100000
0000110011000000
0000110111111111
0000111101100101
0001000011110010
0001001010011101
0001010001010100
0001011000001000
0001011110110010
0001100101010000
0001101011100011
0001110001110000
0001110111111000
0001111101110011
0010000011010011
0010001000000100
0010001011111010
0010001110100110
0010010000000100
0010010000011110
0010010000000100
0010001111001011
0010001110001010
0010001101010111
0010001101000001
0010001101001001
0010001101101110
0010001110100100
0010001111011100
0010010000001011
0010010000110000
0010010001001111
0010010001110101
0010010010110000
0010010100001101
0010010110010100
0010011000111110
0010011100000011
0010011111011000
0010100010101111
0010100101111110
0010101001000111
0010101100001110
0010101111010111
0010110010100110
0010110101111010
0010111001001001
0010111100000000
0010111110001010
0010111111010111
0010111111011101
0010111110011001
0010111100011010
0010111001110010
0010110110110010
0010110011100101
0010110000001111
0010101100100110
0010101000010111
0010100011010011
0010011101010001
0010010110010010
0010001110100100
0010000110011111
0001111110011110
0001110110110010
0001101111100010
0001101000101011
0001100001111010
0001011010110100
0001010011000001
0001001010010011
0001000000101000
0000110110001011
0000101011011010
0000100000111011
0000010111010000
0000001110110110
0000000111111100
0000000010100010
1111111110010011
1111111010110101
1111110111110000
1111110100101111
1111110001100011
1111101110001110
1111101010110110
1111100111011111
1111100100001100
1111100001000001
1111011101111000
1111011010101000
1111010111001101
1111010011101000
1111001111111110
1111001100011011
1111001001010000
1111000110101110
1111000100111110
1111000011111011
1111000011010111
1111000010110100
1111000001101010
1110111111010101
1110111011011011
1110110101110110
1110101110110001
1110100110110001
1110011110100001
1110010110101101
1110001111110110
1110001010010101
1110000110001101
1110000011010010
1110000001010110
1110000000000111
1101111111011010
1101111111000101
1101111111001001
1101111111101001
1110000000100010
1110000001101101
1110000011000000
1110000100001011
1110000101000001
1110000101011010
1110000101011101
1110000101010111
1110000101011001
1110000101110101
1110000110110011
1110001000001001
1110001001011011
1110001010001010
1110001001110011
1110000111111000
1110000100010001
1101111111001010
1101111000111010
1101110010000001
1101101010111111
1101100100001001
1101011101100010
1101010110111110
1101010000000110
1101001000100011
1100111111111010
1100110110000011
1100101011000110
1100011111011101
1100010011101010
1100001000011011
1011111110011001
1011110101111111
1011101111011000
1011101010100001
1011100111001110
1011100101001010
1011100100001001
1011100100001000
1011100101001100
1011100111011101
1011101011000110
1011110000001101
1011110110101101
1011111110011000
1100000110111100
1100010000001011
1100011001110101
1100100011110111
1100101110011001
1100111001100101
1101000101100110
1101010010011111
1101100000001011
1101101110010000
1101111100001100
1110001001011000
1110010101001111
1110011111011010
1110100111110010
1110101110101010
1110110100011110
1110111001110110
1110111111011001
1111000101100110
1111001100101110
1111010100110101
1111011101110101
1111100111100010
1111110001101110
1111111100001111
0000000111000010
0000010010000110
0000011101011101
0000101001000100
0000110100110111
0001000000101000
0001001100000100
0001010111000001
0001100001010111
0001101011001010
0001110100101001
0001111110001100
0010001000001001
0010010010100101
0010011101010111
0010101000000111
0010110010001001
0010111010110100
0011000001101001
0011000110011111
0011001001100000
0011001011001011
0011001100001011
0011001101000110
0011001110010001
0011001111101111
0011010001001110
0011010010001111
0011010010001010
0011010000100100
0011001101010001
0011001000010100
0011000010001010
0010111011011011
0010110100110101
0010101110111101
0010101010001101
0010100110110001
0010100100100001
0010100011001110
0010100010100110
0010100010011111
0010100010110001
0010100011011011
0010100100100011
0010100110000111
0010100111111100
0010101001110011
0010101011010111
0010101100010001
0010101100010011
0010101011011100
0010101001111101
0010101000010000
0010100110111000
0010100110011000
0010100111000101
0010101001000001
0010101011110101
0010101110111101
0010110001101000
0010110011000111
0010110010111110
0010110001001010
0010101101111111
0010101010000010
0010100110000111
0010100010111011
0010100000111010
0010100000010010
0010100000111011
0010100010011100
0010100100010100
0010100110000100
0010100111010010
0010100111101111
0010100111010011
0010100110000101
0010100100001011
0010100001101011
0010011110101010
0010011011010010
0010010111101010
0010010011111100
0010010000011111
0010001101101011
0010001011110100
0010001011000110
0010001011011110
0010001100100111
0010001101110111
0010001110100000
0010001101110110
0010001011011101
0010000111001011
0010000001010011
0001111010011001
0001110011001001
0001101100001100
0001100110000011
0001100000111001
0001011100100111
0001011000110100
0001010101000011
0001010000110100
0001001011101001
0001000101010101
0000111101110100
0000110101001101
0000101011101011
0000100001011110
0000010110110001
0000001011100111
0000000000000101
1111110100001111
1111101000001101
1111011100001001
1111010000011000
1111000101001110
1110111010111010
1110110001100011
1110101001001000
1110100001011101
1110011010001011
1110010010111101
1110001011100111
1110000100000101
1101111100100000
1101110101010010
1101101110111101
1101101010000011
1101100110111100
1101100101110010
1101100110011001
1101101000010000
1101101010101000
1101101100110111
1101101110010110
1101101110110010
1101101110001101
1101101100111100
1101101011011101
1101101010001010
1101101001011100
1101101001011010
1101101001111110
1101101010110111
1101101011110010
1101101100011010
1101101100011101
1101101011110010
1101101010010110
1101101000001010
1101100101001101
1101100001100100
1101011101010011
1101011000011101
1101010011001011
1101001101101110
1101001000011101
1101000011110000
1101000000000010
1100111101100110
1100111100011111
1100111100011111
1100111101001100
1100111110000100
1100111110100011
1100111110010001
1100111101001101
1100111011100111
1100111001111111
1100111001000010
1100111001011010
1100111011100010
1100111111100001
1101000101001101
1101001100000110
1101010011100000
1101011010101101
1101100001001011
1101100110100000
1101101010100101
1101101101011111
1101101111011110
1101110000110011
1101110001100110
1101110010000000
1101110010000110
1101110001110111
1101110001011011
1101110001000001
1101110000111010
1101110001011001
1101110010101100
1101110100111100
1101111000000011
1101111011110011
1101111111111010
1110000100000100
1110001000000011
1110001011110011
1110001111011111
1110010011011111
1110011000001111
1110011110010000
1110100110000000
1110101111101001
1110111011000100
1111000111111001
1111010101100001
1111100011001100
1111110000010011
1111111100011100
0000000111100011
0000010001110010
0000011011100101
0000100101011101
0000101111110101
0000111010111011
0001000110110010
0001010011001111
0001011111111000
0001101100010000
0001110111111111
0010000010110000
0010001100010001
0010010100011010
0010011011001010
0010100000011110
0010100100010101
0010100110110011
0010101000000001
0010101000001110
0010100111110000
0010100111000101
0010100110101110
0010100111000011
0010101000010000
0010101010010100
0010101100111011
0010101111100011
0010110001100110
0010110010100110
0010110010001111
0010110000011100
0010101101011110
0010101001110001
0010100101110101
0010100010001000
0010011110111111
0010011100100010
0010011010100111
0010011000111101
0010010111001100
0010010100111100
0010010001111000
0010001101111000
0010001000111100
0010000011001010
0001111100101011
0001110101101101
0001101110011100
0001100110111111
0001011111100101
0001011000100000
0001010010000010
0001001100011100
0001001000000001
0001000100111000
0001000010111011
0001000001110110
0001000001001100
0001000000010101
0000111110101100
0000111011110110
0000110111101101
0000110010011010
0000101100011110
0000100110101001
0000100001110010
0000011110100101
0000011101011111
0000011110100110
0000100001100011
0000100101101011
0000101010001111
0000101110100010
0000110010000111
0000110100110000
0000110110101000
0000111000000101
0000111001011101
0000111011000100
0000111101000111
0000111111100111
0001000010011011
0001000101011000
0001001000010111
0001001011010011
0001001110001100
0001010001000111
0001010100001000
0001010111000111
0001011001110111
0001011100000010
0001011101001100
0001011100111010
0001011010111101
0001010111010111
0001010010010110
0001001100010001
0001000101100111
0000111110101110
0000110111101101
0000110000011111
0000101000110011
0000100000010100
0000010110101110
0000001011111110
0000000000010000
1111110011111100
1111100111100100
1111011011101011
1111010000101111
1111000110111111
1110111110011011
1110110110111011
1110110000001100
1110101001110110
1110100011100111
1110011101011011
1110010111010000
1110010001001111
1110001011101001
1110000110101001
1110000010010101
1101111110101001
1101111011011111
1101111000101110
1101110110001111
1101110100000010
1101110010010000
1101110001000000
1101110000010110
1101110000001110
1101110000011000
1101110000010111
1101101111100110
1101101101100011
1101101001110101
1101100100010100
1101011101001110
1101010101001001
1101001100110100
1101000101000100
1100111110101000
1100111001111100
1100110111000011
1100110101101010
1100110101010000
1100110101010001
1100110101001010
1100110100101001
1100110011110100
1100110010111011
1100110010011011
1100110010110101
1100110100100111
1100111000000001
1100111101000111
1101000011111001
1101001100001011
1101010101101101
1101100000010100
1101101011110111
1101111000001100
1110000101001001
1110010010011110
1110011111111001
1110101100111001
1110111000111111
1111000011110011
1111001101000100
1111010100110010
1111011011001110
1111100000110101
1111100110000011
1111101011001101
1111110000011001
1111110101011111
1111111010000100
1111111101101110
0000000000001010
0000000001010010
0000000001010001
0000000000100001
1111111111101010
1111111111001110
1111111111100110
0000000001000000
0000000011011100
0000000110101101
0000001010011101
0000001110011110
0000010010100011
0000010110100110
0000011010101011
0000011110111011
0000100011011100
0000101000001111
0000101101010001
0000110010011010
0000110111100000
0000111100011011
0001000001001111
0001000110001000
0001001011010101
0001010001001001
0001010111110000
0001011111000111
0001100110111101
0001101110110001
0001110101111111
0001111011111100
0010000000001001
0010000010011010
0010000010111000
0010000001111111
0010000000011000
0001111110110101
0001111101111110
0001111110000111
0001111111010100
0010000001010110
0010000011101110
0010000101111101
0010000111101110
0010001000111010
0010001001100110
0010001010000101
0010001010110001
0010001011111101
0010001101110000
0010010000001010
0010010011000011
0010010110001110
0010011001011101
0010011100101101
0010100000000101
0010100011101011
0010100111101011
0010101100001110
0010110001001111
0010110110011011
0010111011010110
0010111111100000
0011000010011000
0011000011101010
0011000011010100
0011000001101001
0010111111000100
0010111100001000
0010111001010011
0010110110110110
0010110100101110
0010110010101100
0010110000011010
0010101101011111
0010101001100101
0010100100101000
0010011110101100
0010010111111110
0010010000101011
0010001001000110
0010000001010111
0001111001011111
0001110001011110
0001101001010000
0001100000110011
0001011000000111
0001001111010111
0001000110110001
0000111110100100
0000110111000000
0000110000001111
0000101010010001
0000100100111110
0000100000001010
0000011011101011
0000010111011000
0000010011001101
0000001111001111
0000001011100111
0000001000011010
0000000101101001
0000000011010011
0000000001001110
1111111111000111
1111111100101111
1111111001111011
1111110110100110
1111110010110101
1111101110111100
1111101011010011
1111101000010001
1111100110000100
1111100100101110
1111100011111101
1111100011001111
1111100001111101
1111011111100110
1111011011110110
1111010110101010
1111010000010101
1111001001010111
1111000010010110
1110111011110001
1110110110000001
1110110001010001
1110101101011100
1110101010011000
1110100111111011
1110100101111010
1110100100010010
1110100011000110
1110100010011101
1110100010011100
1110100011000010
1110100100001000
1110100101100000
1110100110110100
1110100111110000
1110101000001010
1110101000000000
1110100111011101
1110100110110101
1110100110100000
1110100110101101
1110100111011111
1110101000101101
1110101010000000
1110101010110111
1110101010110001
1110101001011010
1110100110100111
1110100010010111
1110011100111001
1110010110100011
1110001111100100
1110001000001010
1110000000011011
1101111000010101
1101101111101111
1101100110100100
1101011100110110
1101010010101011
1101001000010001
1100111101111100
1100110100000000
1100101010101010
1100100001111111
1100011010000001
1100010010101101
1100001100000001
1100000110000001
1100000000111010
1011111100111110
1011111010011101
1011111001100111
1011111010100110
1011111101011000
1100000001101111
1100000111011001
1100001101111111
1100010101001010
1100011100100111
1100100100010011
1100101100010001
1100110100101011
1100111101110010
1101000111110101
1101010010110010
1101011110011001
1101101010010001
1101110101110010
1110000000010110
1110001001100010
1110010001001110
1110010111100101
1110011100111111
1110100010000010
1110100111010010
1110101101001000
1110110011101110
1110111011000011
1111000010111011
1111001011000010
1111010011001011
1111011011010011
1111100011100000
1111101011111100
1111110100110110
1111111110011011
0000001000101001
0000010011010010
0000011110000001
0000101000011111
0000110010010110
0000111011011010
0001000011110010
0001001011101110
0001010011011111
0001011011011010
0001100011101010
0001101100001010
0001110100100110
0001111100101000
0010000011110110
0010001001111010
0010001110101011
0010010010001110
0010010100110001
0010010110100011
0010010111110101
0010011000110100
0010011001011110
0010011001101000
0010011001000100
0010010111100011
0010010100111010
0010010001001010
0010001100100011
0010000111011111
0010000010011000
0001111101101100
0001111001101111
0001110110101010
0001110100011100
0001110010111111
0001110010001001
0001110001101111
0001110001101001
0001110001111000
0001110010011010
0001110011001100
0001110100001101
0001110101011000
0001110110100010
0001110111100000
0001111000001100
0001111000100010
0001111000101001
0001111000101011
0001111000111100
0001111001110000
0001111011001110
0001111101010010
0001111111101101
0010000010000010
0010000011101111
0010000100011010
0010000011111010
0010000010010110
0010000000000111
0001111101110011
0001111100000010
0001111011001111
0001111011100110
0001111101000010
0001111111001100
0010000001100010
0010000011100110
0010000101000001
0010000101101001
0010000101100000
0010000100110101
0010000011111101
0010000011000100
0010000010001111
0010000001100000
0010000000101100
0001111111101000
0001111110010100
0001111100110101
0001111011011010
0001111010010101
0001111001111010
0001111010001110
0001111011000111
0001111100001101
0001111101000001
0001111100111101
0001111011100011
0001111000100111
0001110100010011
0001101110111101
0001101001001000
0001100011011100
0001011110011100
0001011010011000
0001010111001111
0001010100110100
0001010010100111
0001010000000010
0001001100100111
0001001000000001
0001000010000101
0000111010110111
0000110010100011
0000101001011100
0000011111101101
0000010101100001
0000001011000011
0000000000011000
1111110101100111
1111101010111011
1111100000100101
1111010110110001
1111001101101001
1111000101010010
1110111101101000
1110110110011110
1110101111100011
1110101000101011
1110100001101010
1110011010011111
1110010011011000
1110001100101111
1110000110111110
1110000010100000
1101111111101010
1101111110011110
1101111110101011
1101111111110010
1110000001010000
1110000010100101
1110000011011000
1110000011100101
1110000011011001
1110000011000111
1110000011001001
1110000011110100
1110000101010001
1110000111010111
1110001001110011
1110001100001100
1110001110000101
1110001111001010
1110001111010010
1110001110100011
1110001101001000
1110001011010001
1110001001001110
1110000111000100
1110000100101111
1110000010000100
1101111110111011
1101111011001111
1101110111000101
1101110010101110
1101101110100110
1101101011000100
1101101000010100
1101100110011011
1101100101001011
1101100100001010
1101100010111110
1101100001010111
1101011111010000
1101011100110011
1101011010011011
1101011000101100
1101011000000101
1101011000111011
1101011011011001
1101011111010101
1101100100010101
1101101001111000
1101101111011101
1101110100100111
1101111000111101
1101111100010111
1101111110111000
1110000000100100
1110000001100011
1110000001111111
1110000010000001
1110000001101101
1110000001001100
1110000000101001
1110000000010001
1110000000001100
1110000000100110
1110000001100100
1110000011000011
1110000100111000
1110000110110111
1110001000110011
1110001010100000
1110001011111011
1110001101001101
1110001110101100
1110010000110011
1110010100000000
1110011000110010
1110011111010100
1110100111100011
1110110001001011
1110111011101011
1111000110011101
1111010000111101
1111011010111100
1111100100010101
1111101101010110
1111110110010100
1111111111101100
0000001001101111
0000010100100110
0000100000001011
0000101100001111
0000111000011010
0001000100010011
0001001111101001
0001011010010001
0001100100000100
0001101101000001
0001110101001100
0001111100100000
0010000010110110
0010001000000011
0010001100000010
0010001110101111
0010010000010010
0010010001000010
0010010001011110
0010010010000110
0010010011010011
0010010101010010
0010010111111001
0010011010101110
0010011101001101
0010011110110000
0010011110111011
0010011101100000
0010011010101100
0010010110111100
0010010010110110
0010001111000100
0010001100001011
0010001010011101
0010001001110110
0010001010000100
0010001010100100
0010001010101101
0010001001110110
0010000111101000
0010000011111000
0001111110101010
0001111000001111
0001110001000011
0001101001100011
0001100010001000
0001011011001000
0001010100111000
0001001111100010
0001001011001010
0001000111110100
0001000101011011
0001000011110011
0001000010101010
0001000001101101
0001000000100100
0000111110110011
0000111100001010
0000111000011110
0000110011110010
0000101110010110
0000101000101111
0000100011100110
0000011111100110
0000011101010000
0000011100111000
0000011110010111
0000100001010100
0000100101001000
0000101001001110
0000101101000001
0000110000001100
0000110010101100
0000110100101100
0000110110011101
0000111000010010
0000111010011110
0000111101001001
0001000000010010
0001000011110101
0001000111110000
0001001011111011
0001010000010100
0001010100111111
0001011001111010
0001011110111111
0001100100000001
0001101000101011
0001101100100000
0001101111000010
0001101111111010
0001101110111110
0001101100010100
0001101000001110
0001100011001101
0001011101101111
0001011000001010
0001010010100101
0001001100110111
0001000110101010
0000111111100000
0000110111000001
0000101101000101
0000100001110010
0000010101011111
0000001000110110
1111111100100100
1111110001001111
1111100111010000
1111011110110010
1111010111101010
1111010001011111
1111001011110101
1111000110010011
1111000000100110
1110111010101011
1110110100101000
1110101110101101
1110101001001011
1110100100001111
1110100000000111
1110011100110110
1110011010011101
1110011000111011
1110011000001101
1110011000001100
1110011000101101
1110011001100010
1110011010011010
1110011010111100
1110011010101110
1110011001011010
1110010110101110
1110010010011110
1110001100101110
1110000101110011
1101111110001101
1101110110100011
1101101111100010
1101101001101111
1101100101011011
1101100010100010
1101100000110001
1101011111100110
1101011110011011
1101011100110011
1101011010100101
1101010111110111
1101010101000001
1101010010100110
1101010001001010
1101010001000111
1101010010101010
1101010101111010
1101011010110001
1101100001000000
1101101000011111
1101110001001001
1101111010111001
1110000101101011
1110010001010111
1110011101101101
1110101010010001
1110110110011111
1111000001110100
1111001011110100
1111010100001101
1111011011000100
1111100000101101
1111100101101001
1111101010010101
1111101111001011
1111110100010011
1111111001100001
1111111110010101
0000000010010001
0000000100110100
0000000101101011
0000000100111000
0000000010110110
0000000000001100
1111111101100111
1111111011110110
1111111011010111
1111111100010100
1111111110100001
0000000001100111
0000000101000101
0000001000011010
0000001011010001
0000001101100110
0000001111011110
0000010001001000
0000010010110101
0000010100111000
0000010111011000
0000011010011000
0000011101111011
0000100010000000
0000100110100111
0000101011110001
0000110001100010
0000110111111001
0000111110101101
0001000101101111
0001001100101010
0001010010111101
0001011000000111
0001011011101110
0001011101100100
0001011101101010
0001011100010111
0001011010010001
0001011000000101
0001010110011101
0001010101110101
0001010110010111
0001010111111000
0001011001111010
0001011100000000
0001011101101101
0001011110101101
0001011110111100
0001011110100110
0001011101111110
0001011101010111
0001011101000101
0001011101010101
0001011110001111
0001011111110010
0001100010000011
0001100101000100
0001101000110111
0001101101011110
0001110010111000
0001111000111001
0001111111001000
0010000101000101
0010001010001110
0010001101111111
0010010000000000
0010010000010000
0010001111000011
0010001100111001
0010001010011100
0010001000011010
0010000111001011
0010000110110111
0010000111001101
0010000111101111
0010000111110100
0010000110110001
0010000100001111
0010000000000011
0001111010010101
0001110011011010
0001101011110100
0001100100000000
0001011100010011
0001010100111010
0001001101110110
0001000110111011
0000111111111100
0000111000110011
0000110001100000
0000101010001000
0000100010111001
0000011100000101
0000010101110100
0000010000001011
0000001011000100
0000000110011001
0000000001111110
1111111101101011
1111111001100000
1111110101100100
1111110001111111
1111101110111011
1111101100100000
1111101010110000
1111101001100000
1111101000100000
1111100111100001
1111100110001111
1111100100011110
1111100010001110
1111011111101100
1111011101001001
1111011010111011
1111011001010100
1111011000011011
1111011000000101
1111010111111101
1111010111100111
1111010110100111
1111010100100011
1111010001010110
1111001101000100
1111000111111110
1111000010011011
1110111100110101
1110110111100010
1110110010101110
1110101110100001
1110101010111110
1110101000000101
1110100101110111
1110100100011001
1110100011110010
1110100100000101
1110100101001110
1110100111000011
1110101001010000
1110101011010110
1110101100111010
1110101101101101
1110101101101001
1110101100111100
1110101100000101
1110101011101010
1110101100001010
1110101101110111
1110110000110001
1110110100100010
1110111000011110
1110111011111000
1110111110000110
1110111110101000
1110111101010000
1110111010000101
1110110101011110
1110101111110101
1110101001100111
1110100011001011
1110011100101100
1110010110001010
1110001111011011
1110001000010101
1110000000110000
1101111000100100
1101101111110110
1101100110110001
1101011101100000
1101010100001101
1101001011000101
1101000010010000
1100111001110101
1100110001111001
1100101010101011
1100100100011001
1100011111010000
1100011011100100
1100011001100011
1100011001010100
1100011010110111
1100011110000011
1100100010101001
1100101000001110
1100101110011010
1100110100111110
1100111011101101
1101000010101000
1101001001111001
1101010001110010
1101011010011110
1101100011111111
1101101110010010
1101111001000011
1110000011110110
1110001110001110
1110010111110110
1110100000100001
1110101000001001
1110101110111000
1110110100111100
1110111010100110
1111000000000010
1111000101100000
1111001011001000
1111010000111111
1111010111001110
1111011101111101
1111100101010100
1111101101011000
1111110110001101
1111111111110000
0000001001110010
0000010011111011
0000011101110010
0000100111000000
0000101111010001
0000110110100010
0000111101000000
0001000011000001
0001001001000010
0001001111011110
0001010110101000
0001011110100010
0001100110111101
0001101111011110
0001110111100111
0001111110111000
0010000100111010
0010001001100111
0010001101000100
0010001111011101
0010010001000101
0010010010001110
0010010010111111
0010010011011000
0010010011010010
0010010010100001
0010010000111100
0010001110011110
0010001011010001
0010000111100100
0010000011101000
0001111111110010
0001111100010001
0001111001001001
0001110110010110
0001110011101110
0001110001001010
0001101110011110
0001101011101010
0001101000110111
0001100110010100
0001100100010000
0001100010111110
0001100010101001
0001100011001111
0001100100100001
0001100110001010
0001100111101111
0001101000110111
0001101001010001
0001101001000000
0001101000010011
0001100111011111
0001100110111101
0001100110111111
0001100111101011
0001101000110110
0001101010010000
0001101011101001
0001101100101110
0001101101011010
0001101101110011
0001101110000101
0001101110100000
0001101111001111
0001110000011010
0001110001111100
0001110011101000
0001110101001111
0001110110100101
0001110111011111
0001110111111100
0001111000000101
0001111000000111
0001111000001010
0001111000010100
0001111000100110
0001111000111000
0001111000111100
0001111000101001
0001110111111110
0001110111000000
0001110101111110
0001110101001100
0001110100111011
0001110101010000
0001110110000100
0001110111000110
0001110111110111
0001110111111001
0001110110110111
0001110100101001
0001110001010111
0001101101010110
0001101001001000
0001100101010001
0001100010000111
0001011111110110
0001011110011010
0001011101011110
0001011100100001
0001011011000110
0001011000110100
0001010101011101
0001010000111110
0001001011100000
0001000101010000
0000111110010110
0000110110111010
0000101110111110
0000100110100010
0000011101100100
0000010100000110
0000001010010011
0000000000011000
1111110110100101
1111101101010000
1111100100100110
1111011100101110
1111010101100111
1111001111000110
1111001000111011
1111000010101110
1110111100010010
1110110101100100
1110101110101101
1110101000000011
1110100010000011
1110011101001110
1110011001110101
1110010111111101
1110010111011111
1110011000000101
1110011001010001
1110011010101100
1110011100001011
1110011101100111
1110011111000111
1110100000110110
1110100010111110
1110100101011100
1110101000001010
1110101010111000
1110101101010110
1110101111010010
1110110000100110
1110110001011000
1110110001110000
1110110001111100
1110110010000101
1110110010010000
1110110010010000
1110110001110100
1110110000101010
1110101110100010
1110101011010100
1110100111001100
1110100010100001
1110011101101111
1110011001010001
1110010101011100
1110010010010101
1110001111110001
1110001101011010
1110001010111100
1110001000001000
1110000100110110
1110000001010011
1101111101111100
1101111011010000
1101111001101111
1101111001110001
1101111011011101
1101111110100100
1110000010101000
1110000111001000
1110001011100000
1110001111010101
1110010010011011
1110010100110110
1110010110110010
1110011000011011
1110011001111110
1110011011011111
1110011100110110
1110011101111000
1110011110011100
1110011110011100
1110011101111001
1110011100111110
1110011011111111
1110011011001111
1110011010111110
1110011011010100
1110011100010011
1110011101101011
1110011111001001
1110100000011100
1110100001010111
1110100001111011
1110100010010111
1110100011001001
1110100100110001
1110100111101001
1110101100000010
1110110001111011
1110111000111110
1111000000101111
1111001000110000
1111010000101100
1111011000010111
1111011111111000
1111100111100010
1111101111101011
1111111000100011
0000000010010100
0000001100111011
0000011000000110
0000100011011100
0000101110100100
0000111001001010
0001000010111111
0001001011111110
0001010100001011
0001011011101010
0001100010011011
0001101000011101
0001101101101100
0001110010000001
0001110101010110
0001110111110010
0001111001100000
0001111010110000
0001111011110010
0001111100110110
0001111101111111
0001111111000100
0001111111110101
0001111111111111
0001111111001110
0001111101010110
0001111010011101
0001110110110010
0001110010101101
0001101110101101
0001101011001101
0001101000011111
0001100110100100
0001100101001111
0001100100001001
0001100010101111
0001100000100011
0001011101010100
0001011000111101
0001010011100101
0001001101011110
0001000111000011
0001000000101010
0000111010100010
0000110100110110
0000101111101011
0000101010111110
0000100110101110
0000100010111110
0000011111110000
0000011101000100
0000011010111011
0000011001010000
0000010111111000
0000010110011110
0000010100101100
0000010010001110
0000001110110011
0000001010011001
0000000101001101
1111111111110000
1111111010100101
1111110110011001
1111110011101110
1111110010111000
1111110011110001
1111110110000101
1111111001010001
1111111100101100
1111111111110001
0000000010001011
0000000011110111
0000000100111101
0000000101110100
0000000110111000
0000001000011111
0000001010110111
0000001110000110
0000010010001011
0000010110111100
0000011100001111
0000100001111111
0000101000001001
0000101110100110
0000110101001110
0000111011110110
0001000010001010
0001000111101111
0001001100001011
0001001111001110
0001010000110000
0001010000110011
0001001111101010
0001001101101011
0001001011000111
0001001000001000
0001000100101101
0001000000101010
0000111011101001
0000110101011001
0000101101110001
0000100100110011
0000011010101110
0000001111111111
0000000101001010
1111111010110000
1111110001001000
1111101000100011
1111100000111111
1111011010001011
1111010011110100
1111001101101000
1111000111011001
1111000001000001
1110111010101010
1110110100100110
1110101111000110
1110101010011011
1110100110110010
1110100100001101
1110100010101000
1110100001111010
1110100001111001
1110100010011010
1110100011010011
1110100100011101
1110100101110011
1110100111001011
1110101000011010
1110101001010011
1110101001100101
1110101000111001
1110100111000010
1110100011111011
1110011111101011
1110011010100100
1110010101001000
1110001111111100
1110001011011101
1110000111111101
1110000101011110
1110000011110010
1110000010011001
1110000000110111
1101111110110011
1101111100000010
1101111000101001
1101110100111111
1101110001100101
1101101110111111
1101101101101011
1101101110000010
1101110000001110
1101110100001101
1101111001110100
1110000000111001
1110001001001110
1110010010100011
1110011100110000
1110100111100111
1110110010111001
1110111110010001
1111001001011100
1111010100001000
1111011110000100
1111100111001001
1111101111011100
1111110111000110
1111111110010000
0000000101000111
0000001011110000
0000010010000011
0000010111110010
0000011100101001
0000100000011000
0000100010101110
0000100011101001
0000100011010111
0000100010001100
0000100000100110
0000011111000110
0000011110001001
0000011101111101
0000011110100011
0000011111110001
0000100001010101
0000100010110111
0000100100000110
0000100100111010
0000100101010101
0000100101011100
0000100101011111
0000100101101100
0000100110001111
0000100111001110
0000101000110010
0000101011000001
0000101101111110
0000110001101101
0000110110010011
0000111011110000
0001000001111101
0001001000101110
0001001111101111
0001010110100000
0001011100011100
0001100001000011
0001100011111101
0001100100111110
0001100100010001
0001100010010111
0001011111111110
0001011101110100
0001011100100011
0001011100100010
0001011101101110
0001011111101100
0001100001110111
0001100011100010
0001100100001010
0001100011011100
0001100001011100
0001011110100010
0001011011001101
0001011000000101
0001010101101100
0001010100011010
0001010100010101
0001010101011110
0001010111101011
0001011010101111
0001011110011010
0001100010100011
0001100110111111
0001101011011111
0001101111110111
0001110011110101
0001110111000100
0001111001010011
0001111010011010
0001111010011101
0001111001101010
0001111000011101
0001110111010100
0001110110101101
0001110110110100
0001110111101001
0001111000111101
0001111010001110
0001111010110110
0001111010010010
0001111000001010
0001110100010100
0001101110110110
0001101000001001
0001100000101010
0001011000110100
0001010001000001
0001001001011111
0001000010010000
0000111011001110
0000110100010011
0000101101011011
0000100110100101
0000011111110011
0000011001001101
0000010010110111
0000001100101111
0000000110110011
0000000000111110
1111111011001011
1111110101011000
1111101111101100
1111101010010100
1111100101011110
1111100001011001
1111011110010110
1111011100011001
1111011011011100
1111011011010001
1111011011100000
1111011011101010
1111011011010100
1111011010001110
1111011000011000
1111010101111111
1111010011100001
1111010001100000
1111010000011010
1111010000011010
1111010001011001
1111010010111111
1111010100100011
1111010101011010
1111010101000010
1111010011001010
1111001111110100
1111001011010001
1111000110000110
1111000000110100
1110111011111000
1110110111100110
1110110100001001
1110110001100000
1110101111100011
1110101110001110
1110101101100001
1110101101011010
1110101101111000
1110101110111011
1110110000011011
1110110010000110
1110110011101001
1110110100110110
1110110101100101
1110110101110110
1110110101111110
1110110110011000
1110110111011111
1110111001101010
1110111101000010
1111000001011111
1111000110100100
1111001011101010
1111010000001000
1111010011011000
1111010100111111
1111010100110101
1111010011000101
1111010000000010
1111001100001000
1111000111110001
1111000011010000
1110111110101011
1110111001111101
1110110100111100
1110101111011101
1110101001010110
1110100010100110
1110011011010011
1110010011100101
1110001011100001
1110000011001111
1101111010110000
1101110010000100
1101101001001110
1101100000011010
1101010111111010
1101010000000111
1101001001011111
1101000100100001
1101000001100000
1101000000100110
1101000001101110
1101000100100100
1101001000100111
1101001101010011
1101010010001010
1101010110111011
1101011011100001
1101100000001110
1101100101011111
1101101011110010
1101110011011011
1101111100100100
1110000110111111
1110010010001001
1110011101011000
1110101000000001
1110110001100001
1110111001100100
1111000000001110
1111000101110001
1111001010101000
1111001111001110
1111010011111100
1111011001000011
1111011110100111
1111100100100111
1111101011000010
1111110001111000
1111111001001001
0000000000111010
0000001001001111
0000010010000101
0000011011001100
0000100100010010
0000101100111111
0000110100111001
0000111011101110
0001000001011111
0001000110010111
0001001010110001
0001001111001100
0001010100001010
0001011010000010
0001100000110111
0001101000100010
0001110000101011
0001111000101101
0010000000000011
0010000110010000
0010001010111111
0010001110001001
0010001111110111
0010010000011101
0010010000010000
0010001111100100
0010001110101001
0010001101100111
0010001100011101
0010001011000101
0010001001011110
0010000111100100
0010000101010010
0010000010101001
0001111111101000
0001111100001010
0001111000001001
0001110011100011
0001101110011100
0001101000111010
0001100011001101
0001011101101101
0001011000110011
0001010100110110
0001010010001000
0001010000110000
0001010000100111
0001010001010110
0001010010011101
0001010011011001
0001010011100111
0001010010110001
0001010000110001
0001001101110111
0001001010011100
0001000111000011
0001000100010000
0001000010011001
0001000001100100
0001000001101010
0001000010010110
0001000011010000
0001000100000000
0001000100011010
0001000100011111
0001000100010110
0001000100001100
0001000100010001
0001000100101010
0001000101010011
0001000110000010
0001000110101101
0001000111000101
0001000111000101
0001000110110011
0001000110011110
0001000110010010
0001000110011111
0001000111001010
0001001000001101
0001001001010110
0001001010010000
0001001010101100
0001001010011100
0001001001100011
0001001000001110
0001000110110011
0001000101100101
0001000100110010
0001000100100001
0001000100101001
0001000100111000
0001000100111001
0001000100011001
0001000011001001
0001000001000110
0000111110010111
0000111011001111
0000111000000000
0000110100111111
0000110010011010
0000110000011000
0000101110110001
0000101101011010
0000101100000101
0000101010100010
0000101000100011
0000100110000001
0000100010110111
0000011111000001
0000011010011001
0000010100111110
0000001110101100
0000000111100010
1111111111100110
1111110111000111
1111101110010101
1111100101100110
1111011101010011
1111010101110001
1111001111001100
1111001001100010
1111000100101011
1111000000001101
1110111011101001
1110110110100100
1110110000101100
1110101001111111
1110100010101100
1110011011010110
1110010100101000
1110001111001000
1110001011010011
1110001001010101
1110001001000110
1110001010001011
1110001100000110
1110001110011000
1110010000101100
1110010010110110
1110010100111010
1110010111000100
1110011001011101
1110011100001101
1110011111010101
1110100010101100
1110100110000010
1110101001001100
1110101100000010
1110101110100101
1110110000111100
1110110011010011
1110110101110101
1110111000100001
1110111011001110
1110111101101011
1110111111011110
1111000000001110
1110111111101011
1110111101110110
1110111010111011
1110110111001111
1110110011010010
1110101111100000
1110101100001011
1110101001011001
1110100111000111
1110100101001000
1110100011001010
1110100001000000
1110011110100111
1110011100000100
1110011001100110
1110010111100101
1110010110011001
1110010110010001
1110010111010100
1110011001011101
1110011100100000
1110100000000111
1110100100000000
1110100111111100
1110101011101110
1110101111001110
1110110010010111
1110110101000110
1110110111010010
1110111000110110
1110111001101111
1110111001111101
1110111001100101
1110111000110010
1110110111111001
1110110111001101
1110110110111111
1110110111011101
1110111000101101
1110111010100100
1110111100110001
1110111110111100
1111000000110000
1111000001111100
1111000010011110
1111000010100110
1111000010101100
1111000011001101
1111000100100101
1111000111000111
1111001010110100
1111001111100010
1111010101000000
1111011010111100
1111100001001000
1111100111011110
1111101110001000
1111110101010001
1111111101000100
0000000101101000
0000001110111000
0000011000100101
0000100010010110
0000101011110101
0000110100101111
0000111100111100
0001000100011111
0001001011101001
0001010010101101
0001011001110110
0001100001001011
0001101000100101
0001101111101111
0001110110001011
0001111011100011
0001111111100101
0010000010001101
0010000011100011
0010000011111111
0010000011111011
0010000011101011
0010000011011110
0010000011010111
0010000011001100
0010000010101101
0010000001101001
0001111111110110
0001111101001111
0001111001111011
0001110110001110
0001110010011000
0001101110101000
0001101011000110
0001100111101111
0001100100010101
0001100000100101
0001011100010010
0001010111010100
0001010001101001
0001001011011010
0001000100111001
0000111110010110
0000110111111101
0000110001111000
0000101100001111
0000100111000001
0000100010001100
0000011101110001
0000011001101111
0000010110000101
0000010010110100
0000001111111101
0000001101011110
0000001011001100
0000001000111100
0000000110011111
0000000011100010
1111111111111001
1111111011100001
1111110110100110
1111110001100000
1111101100101101
1111101000110011
1111100110001100
1111100101000010
1111100101010000
1111100110011111
1111101000010000
1111101001111110
1111101011010011
1111101100000110
1111101100011100
1111101100100110
1111101100111111
1111101101111101
1111101111101100
1111110010001111
1111110101100010
1111111001010111
1111111101100010
0000000010000000
0000000110110110
0000001100001010
0000010010000100
0000011000101010
0000011111110101
0000100111001101
0000101110010111
0000110100110011
0000111010000011
0000111101110010
0000111111111110
0001000000110000
0001000000011001
0000111111001100
0000111101011010
0000111011001100
0000111000011110
0000110101000110
0000110000111001
0000101011101010
0000100101010010
0000011101110111
0000010101100111
0000001100110111
0000000011111100
1111111011001110
1111110010111011
1111101011000110
1111100011101110
1111011100101100
1111010101111010
1111001111010100
1111001000111101
1111000011000001
1110111101101001
1110111000111101
1110110101000111
1110110010000110
1110101111110101
1110101110010000
1110101101010011
1110101100111011
1110101101000100
1110101101110000
1110101111000010
1110110000110100
1110110010111111
1110110101010110
1110110111101000
1110111001011010
1110111010011000
1110111010010100
1110111001001001
1110110110111101
1110110100000100
1110110000111011
1110101101111010
1110101011010100
1110101001010010
1110100111101111
1110100110010110
1110100100101111
1110100010101001
1110011111110111
1110011100011101
1110011000101011
1110010100111111
1110010001110110
1110001111101000
1110001110101000
1110001110111100
1110010000011111
1110010011000111
1110010110110000
1110011011011000
1110100001000000
1110100111110011
1110101111111000
1110111001001111
1111000011101110
1111001110111111
1111011010100100
1111100101111010
1111110000100100
1111111010010001
0000000010111100
0000001010101100
0000010001110010
0000011000100000
0000011111000001
0000100101010111
0000101011011010
0000110000111011
0000110101100100
0000111001000011
0000111011001111
0000111100001011
0000111100000100
0000111011010011
0000111010010111
0000111001101001
0000111001011000
0000111001101010
0000111010010101
0000111011000101
0000111011100100
0000111011100100
0000111010111100
0000111001101110
0000111000001001
0000110110100000
0000110101000111
0000110100001111
0000110100000110
0000110100110101
0000110110011101
0000111000111010
0000111100001100
0001000000001010
0001000100101001
0001001001100010
0001001110101010
0001010011110000
0001011000100001
0001011100101011
0001011111111101
0001100010001000
0001100011000111
0001100011000101
0001100010010101
0001100001001111
0001100000010001
0001011111110000
0001011111110110
0001100000011011
0001100001001101
0001100001110010
0001100001101110
0001100000101110
0001011110101111
0001011011111110
0001011000101111
0001010101100001
0001010010110010
0001010000110100
0001001111110000
0001001111100100
0001010000000110
0001010001001001
0001010010100010
0001010100001111
0001010110010000
0001011000100100
0001011011001010
0001011101111001
0001100000100000
0001100010101000
0001100011111101
0001100100010101
0001100011110001
0001100010011110
0001100000111010
0001011111100010
0001011110101101
0001011110101010
0001011111010111
0001100000100000
0001100001100100
0001100001111101
0001100001001000
0001011110101100
0001011010011101
0001010100100101
0001001101011110
0001000101100101
0000111101011110
0000110101100111
0000101110010001
0000100111011101
0000100001000110
0000011011000001
0000010100111101
0000001110101110
0000001000010000
0000000001100010
1111111010100111
1111110011100010
1111101100011100
1111100101011001
1111011110011110
1111010111110001
1111010001011010
1111001011011111
1111000110001000
1111000001100001
1110111101110001
1110111010111100
1110111000111110
1110110111101111
1110110110111101
1110110110010000
1110110101011000
1110110100001010
1110110010100100
1110110000110011
1110101111010000
1110101110010010
1110101110001010
1110101110111110
1110110000100101
1110110010100011
1110110100010011
1110110101010101
1110110101010000
1110110011111001
1110110001011000
1110101110000011
1110101010011001
1110100110110100
1110100011101001
1110100001000100
1110011111000010
1110011101011001
1110011100000000
1110011010110011
1110011001110010
1110011001000011
1110011000110011
1110011001001001
1110011010000110
1110011011100000
1110011101001010
1110011110110000
1110100000000100
1110100001000101
1110100001111101
1110100011000000
1110100100100111
1110100111001011
1110101010111010
1110101111101101
1110110101010001
1110111011000100
1111000000011100
1111000100101111
1111000111011111
1111001000100001
1111000111111100
1111000110000100
1111000011011110
1111000000101010
1110111110000010
1110111011101101
1110111001101010
1110110111100100
1110110101000011
1110110001101110
1110101101011000
1110100111111001
1110100001010011
1110011001110011
1110010001101011
1110001001001001
1110000000011100
1101110111110101
1101101111100001
1101100111101011
1101100000100100
1101011010011100
1101010101100011
1101010010000110
1101010000001111
1101010000000000
1101010001001100
1101010011100000
1101010110100111
1101011010001010
1101011101111010
1101100001110011
1101100110000011
1101101010111101
1101110000110110
1101111000000010
1110000000100111
1110001010011000
1110010100111010
1110011111101010
1110101010000011
1110110011100011
1110111011111010
1111000011001001
1111001001011010
1111001111000010
1111010100011011
1111011001111001
1111011111101001
1111100101110000
1111101100010001
1111110011001101
1111111010100010
0000000010010010
0000001010100100
0000010011010100
0000011100011000
0000100101100010
0000101110011000
0000110110100000
0000111101100010
0001000011010111
0001001000000101
0001001100000011
0001001111110100
0001010100000010
0001011001001100
0001011111100011
0001100111000111
0001101111100100
0001111000010001
0010000000100001
0010000111101011
0010001101010001
0010010001000010
0010010011001000
0010010011111100
0010010011111110
0010010011110000
0010010011101010
0010010011111011
0010010100011111
0010010101001000
0010010101100101
0010010101100011
0010010100110010
0010010011001000
0010010000100111
0010001101010000
0010001001000111
0010000100010100
0001111111000010
0001111001011010
0001110011101010
0001101110000001
0001101000110000
0001100100001000
0001100000010111
0001011101101011
0001011100000110
0001011011100000
0001011011100111
0001011011111111
0001011100000101
0001011011010111
0001011001100011
0001010110100010
0001010010011111
0001001101110110
0001001001001110
0001000101001101
0001000010001101
0001000000011011
0000111111110100
0001000000000101
0001000000110011
0001000001101010
0001000010010110
0001000010110000
0001000010110111
0001000010110011
0001000010101100
0001000010100001
0001000010010010
0001000001111110
0001000001011111
0001000000110101
0001000000001011
0000111111101110
0000111111101100
0001000000010001
0001000001100011
0001000011011001
0001000101011011
0001000111010000
0001001000011111
0001001000110100
0001001000001010
0001000110101110
0001000100110111
0001000011000000
0001000001100010
0001000000110001
0001000000110000
0001000001010010
0001000010000000
0001000010100000
0001000010010100
0001000001001001
0000111110111011
0000111011110101
0000111000001011
0000110100011011
0000110001000011
0000101110011001
0000101100100110
0000101011100110
0000101011001101
0000101011000110
0000101010111000
0000101010010001
0000101001000010
0000100111000000
0000100100000010
0000100000001001
0000011011010100
0000010101100111
0000001111001010
0000001000001001
0000000000110011
1111111001010111
1111110010000111
1111101011010011
1111100101000100
1111011111011110
1111011010011110
1111010101110100
1111010001001011
1111001100001010
1111000110100001
1111000000000010
1110111000101111
1110110000111100
1110101001001001
1110100001111000
1110011011101101
1110010111000101
1110010100001011
1110010010111010
1110010011000011
1110010100010001
1110010110001000
1110011000010011
1110011010100110
1110011100111100
1110011111010011
1110100001101100
1110100100001101
1110100110110100
1110101001100000
1110101100010000
1110101111001010
1110110010010010
1110110101110010
1110111001110011
1110111110011000
1111000011011001
1111001000100010
1111001101011010
1111010001011101
1111010100001110
1111010101011000
1111010100111011
1111010011000100
1111010000001100
1111001100110110
1111001001100011
1111000110101011
1111000100010101
1111000010100001
1111000000111110
1110111111010011
1110111101001101
1110111010100000
1110110111001011
1110110011011011
1110101111101100
1110101100011101
1110101010001010
1110101001000110
1110101001011011
1110101011000011
1110101101101011
1110110000111111
1110110100101101
1110111000100011
1110111100010100
1110111111111010
1111000011001111
1111000110001011
1111001000101000
1111001010011110
1111001011101000
1111001100000100
1111001011110101
1111001011001010
1111001010010100
1111001001101010
1111001001100011
1111001010010010
1111001011111001
1111001110010001
1111010001000101
1111010011110110
1111010110000100
1111010111010011
1111010111011100
1111010110100100
1111010101000011
1111010011011111
1111010010100010
1111010010101101
1111010100010100
1111010111011101
1111011100000000
1111100001100110
1111100111111000
1111101110100010
1111110101010111
1111111100001110
0000000011001010
0000001010001100
0000010001010101
0000011000100000
0000011111101010
0000100110110000
0000101101110010
0000110100110100
0000111100000100
0001000011101101
0001001011110101
0001010100011011
0001011101010011
0001100110000000
0001101110000000
0001110100110011
0001111010000010
0001111101100011
0001111111011101
0010000000001000
0010000000000010
0001111111101001
0001111111010111
0001111111011001
0001111111101110
0010000000000111
0010000000010011
0001111111111011
0001111110101100
0001111100011111
0001111001010111
0001110101100001
0001110001001011
0001101100100111
0001100111111111
0001100011010101
0001011110100001
0001011001011100
0001010011111110
0001001110000001
0001000111101001
0001000001000001
0000111010011000
0000110011111010
0000101101110001
0000101000000011
0000100010101011
0000011101100000
0000011000011100
0000010011011000
0000001110010010
0000001001001101
0000000100010111
1111111111111110
1111111100001100
1111111001000110
1111110110101001
1111110100100010
1111110010011010
1111101111111001
1111101100101110
1111101000110011
1111100100010001
1111011111100100
1111011011001010
1111010111100010
1111010100111111
1111010011101011
1111010011011011
1111010011111010
1111010100101110
1111010101100010
1111010110000100
1111010110010001
1111010110010011
1111010110010101
1111010110100101
1111010111001111
1111011000011000
1111011010000000
1111011100000101
1111011110101001
1111100001110101
1111100101110010
1111101010101110
1111110000110011
1111111000000001
0000000000000101
0000001000100000
0000010000101100
0000010111111111
0000011101110101
0000100001111101
0000100100011001
0000100101011000
0000100101010101
0000100100110001
0000100100000011
0000100011010101
0000100010100100
0000100001100001
0000011111110011
0000011100111111
0000011000110110
0000010011010011
0000001100011110
0000000100101100
1111111100011010
1111110100000001
1111101011110001
1111100011110100
1111011100001000
1111010100101000
1111001101001101
1111000101111000
1110111110110100
1110111000001110
1110110010010101
1110101101011010
1110101001100011
1110100110101110
1110100100110000
1110100011011011
1110100010011111
1110100001101111
1110100001000110
1110100000101100
1110100000101010
1110100001001110
1110100010100101
1110100100110100
1110100111101101
1110101010111011
1110101110000001
1110110000011111
1110110001111001
1110110010000101
1110110001000111
1110101111010010
1110101100111111
1110101010101100
1110101000101110
1110100111001100
1110100110000000
1110100100111100
1110100011101110
1110100010000001
1110011111110001
1110011101000010
1110011010000001
1110010111000000
1110010100010111
1110010010010110
1110010001001001
1110010000110100
1110010001011110
1110010011001001
1110010101111101
1110011010000100
1110011111101010
1110100110110111
1110101111100111
1110111001101111
1111000100110101
1111010000011001
1111011011110110
1111100110110100
1111110000111111
1111111010010001
0000000010110000
0000001010101011
0000010010001111
0000011001100101
0000100000110000
0000100111101011
0000101110000111
0000110011110100
0000111000100101
0000111100010010
0000111110111100
0001000000101100
0001000001110100
0001000010100100
0001000011000110
0001000011100001
0001000011110011
0001000011110000
0001000011001111
0001000010001101
0001000000101100
0000111110110100
0000111100111010
0000111011010001
0000111010001010
0000111001110000
0000111010000101
0000111011000111
0000111100101001
0000111110011101
0001000000011100
0001000010100010
0001000100101110
0001000111001010
0001001010000011
0001001101100001
0001010001100101
0001010110001000
0001011010111010
0001011111011101
0001100011010101
0001100110010000
0001101000000100
0001101000110100
0001101000110001
0001101000010111
0001100111111011
0001100111101100
0001100111101111
0001100111111010
0001100111111011
0001100111011110
0001100110010100
0001100100011101
0001100001111101
0001011111001001
0001011100011001
0001011010000010
0001011000010000
0001010111000111
0001010110100101
0001010110011111
0001010110101001
0001010111000010
0001010111101010
0001011000100010
0001011001110000
0001011011010100
0001011101000111
0001011110111010
0001100000011011
0001100001011110
0001100001111000
0001100001101011
0001100001000101
0001100000010111
0001011111110100
0001011111101010
0001100000000001
0001100000110011
0001100001101100
0001100010010101
0001100010010101
0001100001010000
0001011110111000
0001011011001011
0001010110010011
0001010000100001
0001001010001101
0001000011110000
0000111101011001
0000110111001100
0000110001000111
0000101011000011
0000100100110101
0000011110010111
0000010111101001
0000010000110000
0000001001110001
0000000010110100
1111111011111111
1111110101010010
1111101110101010
1111101000000011
1111100001011001
1111011010101010
1111010011111011
1111001101010111
1111000111010000
1111000001110101
1110111101010110
1110111001111110
1110110111101101
1110110110010100
1110110101100100
1110110101000110
1110110100100110
1110110011111010
1110110011000011
1110110010001100
1110110001100101
1110110001011100
1110110001111101
1110110011000111
1110110100101100
1110110110010110
1110110111101111
1110111000100000
1110111000011011
1110110111100000
1110110101111001
1110110011110101
1110110001100101
1110101111011010
1110101101011100
1110101011101011
1110101010000011
1110101000100001
1110100111000011
1110100101101001
1110100100011100
1110100011100101
1110100011001000
1110100011000101
1110100011011010
1110100011111101
1110100100100101
1110100101010000
1110100110000001
1110100111000000
1110101000011001
1110101010011011
1110101101010001
1110110000111001
1110110101001110
1110111001111111
1110111110110110
1111000011010111
1111000111001011
1111001010000100
1111001011111101
1111001100111010
1111001101001100
1111001101000101
1111001100110100
1111001100011111
1111001100000110
1111001011011110
1111001010010110
1111001000011111
1111000101101110
1111000001111111
1110111101010010
1110110111110000
1110110001100101
1110101010110101
1110100011101001
1110011100000110
1110010100010000
1110001100001010
1110000011111111
1101111100000000
1101110100100011
1101101101111101
1101101000101000
1101100100110111
1101100010110001
1101100010001111
1101100011000101
1101100100111010
1101100111010110
1101101010001000
1101101101001110
1101110000101111
1101110100111101
1101111010001110
1110000000110110
1110001000111000
1110010010001000
1110011100001110
1110100110100101
1110110000100110
1110111001110000
1111000001110111
1111001000111001
1111001111000110
1111010100111001
1111011010101101
1111100000111000
1111100111100001
1111101110101100
1111110110001111
1111111101111011
0000000101101001
0000001101010100
0000010100111011
0000011100011111
0000100100000001
0000101011011110
0000110010101100
0000111001011110
0000111111101110
0001000101011000
0001001010011111
0001001111010001
0001010100000100
0001011001001011
0001011110110101
0001100101001010
0001101100000101
0001110011010110
0001111010100100
0010000001010110
0010000111010010
0010001100001000
0010001111110010
0010010010011010
0010010100010001
0010010101101011
0010010110111100
0010011000010011
0010011001110001
0010011011001100
0010011100010111
0010011101000100
0010011101000000
0010011100000101
0010011010010000
0010010111100100
0010010100000110
0010001111111110
0010001011010110
0010000110010100
0010000000111100
0001111011011010
0001110101111000
0001110000100100
0001101011101110
0001100111101011
0001100100101000
0001100010100111
0001100001100010
0001100001000111
0001100000110011
0001100000000010
0001011110010110
0001011011011011
0001010111001111
0001010010000100
0001001100011110
0001000111001000
0001000010100110
0000111111010011
0000111101011001
0000111100101100
0000111100110010
0000111101001101
0000111101100000
0000111101010101
0000111100100110
